Subject,Start Date,Start Time,End Date,End Time,Description,Location
Day 7: RECOVERY,2026-01-18,06:00 AM,2026-01-18,07:45 AM,"1. Foam Roll (15 mins)
2. Mobility Circuit (Glute Bridge, Cat-Cow, Deep Squat Hold)
3. Deep Static Stretching (20 mins)",Gym / Hostel
Day 1: PUSH A (Chest Focus),2026-01-19,06:00 AM,2026-01-19,07:45 AM,"1. Bench Press (4x8-10)
2. Incline DB Press (3x10-12)
3. Incline Flys (3x12-15)
4. Lateral Raises (4x15)
5. Tricep Pushdowns (3x12-15)
Finisher: Cable Crossovers or Incline Push-ups",Gym / Hostel
Day 2: PULL A (Width Focus),2026-01-20,06:00 AM,2026-01-20,07:45 AM,"1. Pull-ups (4xAMRAP)
2. Lat Pulldowns (3x10-12)
3. Single-Arm Rows (3x12/arm)
4. Face Pulls (4x15-20)
5. DB Curls (4x10-12)
Finisher: Straight-Arm Pulldowns",Gym / Hostel
Day 3: LEGS A (Squat Focus),2026-01-21,06:00 AM,2026-01-21,07:45 AM,"1. Barbell Squats (4x8-10)
2. Leg Press (4x10-12)
3. Leg Extensions (3x15)
4. Walking Lunges (3x12/leg)
5. Plank (3x60s)
Finisher: Calf Raises or Goblet Squats",Gym / Hostel
Day 4: PUSH B (Shoulder Focus),2026-01-22,06:00 AM,2026-01-22,07:45 AM,"1. Overhead Press (4x8-10)
2. Arnold Press (3x10-12)
3. Close-Grip Bench (3x8-10)
4. Weighted Dips (3x10-12)
5. Skullcrushers (3x12)
Finisher: Lateral Raise Drop Set",Gym / Hostel
Day 5: PULL B (Thickness Focus),2026-01-23,06:00 AM,2026-01-23,07:45 AM,"1. Deadlifts (3x5)
2. T-Bar Rows (4x10-12)
3. Seated Cable Rows (3x12)
4. Reverse Pec Deck (4x15)
5. Hammer Curls (4x12)
Finisher: Shrugs or Farmers Walk",Gym / Hostel
Day 6: LEGS B (Agility Focus),2026-01-24,06:00 AM,2026-01-24,07:45 AM,"1. RDLs (4x10-12)
2. Bulgarian Split Squats (3x10/leg)
3. Leg Curls (4x12-15)
4. Lying Leg Raises (3x15)
5. Russian Twists (3x20)
Finisher: Death by Leg Press or Sprints",Gym / Hostel
Day 7: RECOVERY,2026-01-25,06:00 AM,2026-01-25,07:45 AM,"1. Foam Roll (15 mins)
2. Mobility Circuit (Glute Bridge, Cat-Cow, Deep Squat Hold)
3. Deep Static Stretching (20 mins)",Gym / Hostel
Day 1: PUSH A (Chest Focus),2026-01-26,06:00 AM,2026-01-26,07:45 AM,"1. Bench Press (4x8-10)
2. Incline DB Press (3x10-12)
3. Incline Flys (3x12-15)
4. Lateral Raises (4x15)
5. Tricep Pushdowns (3x12-15)
Finisher: Cable Crossovers or Incline Push-ups",Gym / Hostel
Day 2: PULL A (Width Focus),2026-01-27,06:00 AM,2026-01-27,07:45 AM,"1. Pull-ups (4xAMRAP)
2. Lat Pulldowns (3x10-12)
3. Single-Arm Rows (3x12/arm)
4. Face Pulls (4x15-20)
5. DB Curls (4x10-12)
Finisher: Straight-Arm Pulldowns",Gym / Hostel
Day 3: LEGS A (Squat Focus),2026-01-28,06:00 AM,2026-01-28,07:45 AM,"1. Barbell Squats (4x8-10)
2. Leg Press (4x10-12)
3. Leg Extensions (3x15)
4. Walking Lunges (3x12/leg)
5. Plank (3x60s)
Finisher: Calf Raises or Goblet Squats",Gym / Hostel
Day 4: PUSH B (Shoulder Focus),2026-01-29,06:00 AM,2026-01-29,07:45 AM,"1. Overhead Press (4x8-10)
2. Arnold Press (3x10-12)
3. Close-Grip Bench (3x8-10)
4. Weighted Dips (3x10-12)
5. Skullcrushers (3x12)
Finisher: Lateral Raise Drop Set",Gym / Hostel
Day 5: PULL B (Thickness Focus),2026-01-30,06:00 AM,2026-01-30,07:45 AM,"1. Deadlifts (3x5)
2. T-Bar Rows (4x10-12)
3. Seated Cable Rows (3x12)
4. Reverse Pec Deck (4x15)
5. Hammer Curls (4x12)
Finisher: Shrugs or Farmers Walk",Gym / Hostel
Day 6: LEGS B (Agility Focus),2026-01-31,06:00 AM,2026-01-31,07:45 AM,"1. RDLs (4x10-12)
2. Bulgarian Split Squats (3x10/leg)
3. Leg Curls (4x12-15)
4. Lying Leg Raises (3x15)
5. Russian Twists (3x20)
Finisher: Death by Leg Press or Sprints",Gym / Hostel
Day 7: RECOVERY,2026-02-01,06:00 AM,2026-02-01,07:45 AM,"1. Foam Roll (15 mins)
2. Mobility Circuit (Glute Bridge, Cat-Cow, Deep Squat Hold)
3. Deep Static Stretching (20 mins)",Gym / Hostel
Day 1: PUSH A (Chest Focus),2026-02-02,06:00 AM,2026-02-02,07:45 AM,"1. Bench Press (4x8-10)
2. Incline DB Press (3x10-12)
3. Incline Flys (3x12-15)
4. Lateral Raises (4x15)
5. Tricep Pushdowns (3x12-15)
Finisher: Cable Crossovers or Incline Push-ups",Gym / Hostel
Day 2: PULL A (Width Focus),2026-02-03,06:00 AM,2026-02-03,07:45 AM,"1. Pull-ups (4xAMRAP)
2. Lat Pulldowns (3x10-12)
3. Single-Arm Rows (3x12/arm)
4. Face Pulls (4x15-20)
5. DB Curls (4x10-12)
Finisher: Straight-Arm Pulldowns",Gym / Hostel
Day 3: LEGS A (Squat Focus),2026-02-04,06:00 AM,2026-02-04,07:45 AM,"1. Barbell Squats (4x8-10)
2. Leg Press (4x10-12)
3. Leg Extensions (3x15)
4. Walking Lunges (3x12/leg)
5. Plank (3x60s)
Finisher: Calf Raises or Goblet Squats",Gym / Hostel
Day 4: PUSH B (Shoulder Focus),2026-02-05,06:00 AM,2026-02-05,07:45 AM,"1. Overhead Press (4x8-10)
2. Arnold Press (3x10-12)
3. Close-Grip Bench (3x8-10)
4. Weighted Dips (3x10-12)
5. Skullcrushers (3x12)
Finisher: Lateral Raise Drop Set",Gym / Hostel
Day 5: PULL B (Thickness Focus),2026-02-06,06:00 AM,2026-02-06,07:45 AM,"1. Deadlifts (3x5)
2. T-Bar Rows (4x10-12)
3. Seated Cable Rows (3x12)
4. Reverse Pec Deck (4x15)
5. Hammer Curls (4x12)
Finisher: Shrugs or Farmers Walk",Gym / Hostel
Day 6: LEGS B (Agility Focus),2026-02-07,06:00 AM,2026-02-07,07:45 AM,"1. RDLs (4x10-12)
2. Bulgarian Split Squats (3x10/leg)
3. Leg Curls (4x12-15)
4. Lying Leg Raises (3x15)
5. Russian Twists (3x20)
Finisher: Death by Leg Press or Sprints",Gym / Hostel
Day 7: RECOVERY,2026-02-08,06:00 AM,2026-02-08,07:45 AM,"1. Foam Roll (15 mins)
2. Mobility Circuit (Glute Bridge, Cat-Cow, Deep Squat Hold)
3. Deep Static Stretching (20 mins)",Gym / Hostel
Day 1: PUSH A (Chest Focus),2026-02-09,06:00 AM,2026-02-09,07:45 AM,"1. Bench Press (4x8-10)
2. Incline DB Press (3x10-12)
3. Incline Flys (3x12-15)
4. Lateral Raises (4x15)
5. Tricep Pushdowns (3x12-15)
Finisher: Cable Crossovers or Incline Push-ups",Gym / Hostel
Day 2: PULL A (Width Focus),2026-02-10,06:00 AM,2026-02-10,07:45 AM,"1. Pull-ups (4xAMRAP)
2. Lat Pulldowns (3x10-12)
3. Single-Arm Rows (3x12/arm)
4. Face Pulls (4x15-20)
5. DB Curls (4x10-12)
Finisher: Straight-Arm Pulldowns",Gym / Hostel
Day 3: LEGS A (Squat Focus),2026-02-11,06:00 AM,2026-02-11,07:45 AM,"1. Barbell Squats (4x8-10)
2. Leg Press (4x10-12)
3. Leg Extensions (3x15)
4. Walking Lunges (3x12/leg)
5. Plank (3x60s)
Finisher: Calf Raises or Goblet Squats",Gym / Hostel
Day 4: PUSH B (Shoulder Focus),2026-02-12,06:00 AM,2026-02-12,07:45 AM,"1. Overhead Press (4x8-10)
2. Arnold Press (3x10-12)
3. Close-Grip Bench (3x8-10)
4. Weighted Dips (3x10-12)
5. Skullcrushers (3x12)
Finisher: Lateral Raise Drop Set",Gym / Hostel
Day 5: PULL B (Thickness Focus),2026-02-13,06:00 AM,2026-02-13,07:45 AM,"1. Deadlifts (3x5)
2. T-Bar Rows (4x10-12)
3. Seated Cable Rows (3x12)
4. Reverse Pec Deck (4x15)
5. Hammer Curls (4x12)
Finisher: Shrugs or Farmers Walk",Gym / Hostel
Day 6: LEGS B (Agility Focus),2026-02-14,06:00 AM,2026-02-14,07:45 AM,"1. RDLs (4x10-12)
2. Bulgarian Split Squats (3x10/leg)
3. Leg Curls (4x12-15)
4. Lying Leg Raises (3x15)
5. Russian Twists (3x20)
Finisher: Death by Leg Press or Sprints",Gym / Hostel
Day 7: RECOVERY,2026-02-15,06:00 AM,2026-02-15,07:45 AM,"1. Foam Roll (15 mins)
2. Mobility Circuit (Glute Bridge, Cat-Cow, Deep Squat Hold)
3. Deep Static Stretching (20 mins)",Gym / Hostel
Day 1: PUSH A (Chest Focus),2026-02-16,06:00 AM,2026-02-16,07:45 AM,"1. Bench Press (4x8-10)
2. Incline DB Press (3x10-12)
3. Incline Flys (3x12-15)
4. Lateral Raises (4x15)
5. Tricep Pushdowns (3x12-15)
Finisher: Cable Crossovers or Incline Push-ups",Gym / Hostel
Day 2: PULL A (Width Focus),2026-02-17,06:00 AM,2026-02-17,07:45 AM,"1. Pull-ups (4xAMRAP)
2. Lat Pulldowns (3x10-12)
3. Single-Arm Rows (3x12/arm)
4. Face Pulls (4x15-20)
5. DB Curls (4x10-12)
Finisher: Straight-Arm Pulldowns",Gym / Hostel
Day 3: LEGS A (Squat Focus),2026-02-18,06:00 AM,2026-02-18,07:45 AM,"1. Barbell Squats (4x8-10)
2. Leg Press (4x10-12)
3. Leg Extensions (3x15)
4. Walking Lunges (3x12/leg)
5. Plank (3x60s)
Finisher: Calf Raises or Goblet Squats",Gym / Hostel
Day 4: PUSH B (Shoulder Focus),2026-02-19,06:00 AM,2026-02-19,07:45 AM,"1. Overhead Press (4x8-10)
2. Arnold Press (3x10-12)
3. Close-Grip Bench (3x8-10)
4. Weighted Dips (3x10-12)
5. Skullcrushers (3x12)
Finisher: Lateral Raise Drop Set",Gym / Hostel
Day 5: PULL B (Thickness Focus),2026-02-20,06:00 AM,2026-02-20,07:45 AM,"1. Deadlifts (3x5)
2. T-Bar Rows (4x10-12)
3. Seated Cable Rows (3x12)
4. Reverse Pec Deck (4x15)
5. Hammer Curls (4x12)
Finisher: Shrugs or Farmers Walk",Gym / Hostel
Day 6: LEGS B (Agility Focus),2026-02-21,06:00 AM,2026-02-21,07:45 AM,"1. RDLs (4x10-12)
2. Bulgarian Split Squats (3x10/leg)
3. Leg Curls (4x12-15)
4. Lying Leg Raises (3x15)
5. Russian Twists (3x20)
Finisher: Death by Leg Press or Sprints",Gym / Hostel
Day 7: RECOVERY,2026-02-22,06:00 AM,2026-02-22,07:45 AM,"1. Foam Roll (15 mins)
2. Mobility Circuit (Glute Bridge, Cat-Cow, Deep Squat Hold)
3. Deep Static Stretching (20 mins)",Gym / Hostel
Day 1: PUSH A (Chest Focus),2026-02-23,06:00 AM,2026-02-23,07:45 AM,"1. Bench Press (4x8-10)
2. Incline DB Press (3x10-12)
3. Incline Flys (3x12-15)
4. Lateral Raises (4x15)
5. Tricep Pushdowns (3x12-15)
Finisher: Cable Crossovers or Incline Push-ups",Gym / Hostel
Day 2: PULL A (Width Focus),2026-02-24,06:00 AM,2026-02-24,07:45 AM,"1. Pull-ups (4xAMRAP)
2. Lat Pulldowns (3x10-12)
3. Single-Arm Rows (3x12/arm)
4. Face Pulls (4x15-20)
5. DB Curls (4x10-12)
Finisher: Straight-Arm Pulldowns",Gym / Hostel
Day 3: LEGS A (Squat Focus),2026-02-25,06:00 AM,2026-02-25,07:45 AM,"1. Barbell Squats (4x8-10)
2. Leg Press (4x10-12)
3. Leg Extensions (3x15)
4. Walking Lunges (3x12/leg)
5. Plank (3x60s)
Finisher: Calf Raises or Goblet Squats",Gym / Hostel
Day 4: PUSH B (Shoulder Focus),2026-02-26,06:00 AM,2026-02-26,07:45 AM,"1. Overhead Press (4x8-10)
2. Arnold Press (3x10-12)
3. Close-Grip Bench (3x8-10)
4. Weighted Dips (3x10-12)
5. Skullcrushers (3x12)
Finisher: Lateral Raise Drop Set",Gym / Hostel
Day 5: PULL B (Thickness Focus),2026-02-27,06:00 AM,2026-02-27,07:45 AM,"1. Deadlifts (3x5)
2. T-Bar Rows (4x10-12)
3. Seated Cable Rows (3x12)
4. Reverse Pec Deck (4x15)
5. Hammer Curls (4x12)
Finisher: Shrugs or Farmers Walk",Gym / Hostel
Day 6: LEGS B (Agility Focus),2026-02-28,06:00 AM,2026-02-28,07:45 AM,"1. RDLs (4x10-12)
2. Bulgarian Split Squats (3x10/leg)
3. Leg Curls (4x12-15)
4. Lying Leg Raises (3x15)
5. Russian Twists (3x20)
Finisher: Death by Leg Press or Sprints",Gym / Hostel
Day 7: RECOVERY,2026-03-01,06:00 AM,2026-03-01,07:45 AM,"1. Foam Roll (15 mins)
2. Mobility Circuit (Glute Bridge, Cat-Cow, Deep Squat Hold)
3. Deep Static Stretching (20 mins)",Gym / Hostel
Day 1: PUSH A (Chest Focus),2026-03-02,06:00 AM,2026-03-02,07:45 AM,"1. Bench Press (4x8-10)
2. Incline DB Press (3x10-12)
3. Incline Flys (3x12-15)
4. Lateral Raises (4x15)
5. Tricep Pushdowns (3x12-15)
Finisher: Cable Crossovers or Incline Push-ups",Gym / Hostel
Day 2: PULL A (Width Focus),2026-03-03,06:00 AM,2026-03-03,07:45 AM,"1. Pull-ups (4xAMRAP)
2. Lat Pulldowns (3x10-12)
3. Single-Arm Rows (3x12/arm)
4. Face Pulls (4x15-20)
5. DB Curls (4x10-12)
Finisher: Straight-Arm Pulldowns",Gym / Hostel
Day 3: LEGS A (Squat Focus),2026-03-04,06:00 AM,2026-03-04,07:45 AM,"1. Barbell Squats (4x8-10)
2. Leg Press (4x10-12)
3. Leg Extensions (3x15)
4. Walking Lunges (3x12/leg)
5. Plank (3x60s)
Finisher: Calf Raises or Goblet Squats",Gym / Hostel
Day 4: PUSH B (Shoulder Focus),2026-03-05,06:00 AM,2026-03-05,07:45 AM,"1. Overhead Press (4x8-10)
2. Arnold Press (3x10-12)
3. Close-Grip Bench (3x8-10)
4. Weighted Dips (3x10-12)
5. Skullcrushers (3x12)
Finisher: Lateral Raise Drop Set",Gym / Hostel
Day 5: PULL B (Thickness Focus),2026-03-06,06:00 AM,2026-03-06,07:45 AM,"1. Deadlifts (3x5)
2. T-Bar Rows (4x10-12)
3. Seated Cable Rows (3x12)
4. Reverse Pec Deck (4x15)
5. Hammer Curls (4x12)
Finisher: Shrugs or Farmers Walk",Gym / Hostel
Day 6: LEGS B (Agility Focus),2026-03-07,06:00 AM,2026-03-07,07:45 AM,"1. RDLs (4x10-12)
2. Bulgarian Split Squats (3x10/leg)
3. Leg Curls (4x12-15)
4. Lying Leg Raises (3x15)
5. Russian Twists (3x20)
Finisher: Death by Leg Press or Sprints",Gym / Hostel
Day 7: RECOVERY,2026-03-08,06:00 AM,2026-03-08,07:45 AM,"1. Foam Roll (15 mins)
2. Mobility Circuit (Glute Bridge, Cat-Cow, Deep Squat Hold)
3. Deep Static Stretching (20 mins)",Gym / Hostel
Day 1: PUSH A (Chest Focus),2026-03-09,06:00 AM,2026-03-09,07:45 AM,"1. Bench Press (4x8-10)
2. Incline DB Press (3x10-12)
3. Incline Flys (3x12-15)
4. Lateral Raises (4x15)
5. Tricep Pushdowns (3x12-15)
Finisher: Cable Crossovers or Incline Push-ups",Gym / Hostel
Day 2: PULL A (Width Focus),2026-03-10,06:00 AM,2026-03-10,07:45 AM,"1. Pull-ups (4xAMRAP)
2. Lat Pulldowns (3x10-12)
3. Single-Arm Rows (3x12/arm)
4. Face Pulls (4x15-20)
5. DB Curls (4x10-12)
Finisher: Straight-Arm Pulldowns",Gym / Hostel
Day 3: LEGS A (Squat Focus),2026-03-11,06:00 AM,2026-03-11,07:45 AM,"1. Barbell Squats (4x8-10)
2. Leg Press (4x10-12)
3. Leg Extensions (3x15)
4. Walking Lunges (3x12/leg)
5. Plank (3x60s)
Finisher: Calf Raises or Goblet Squats",Gym / Hostel
Day 4: PUSH B (Shoulder Focus),2026-03-12,06:00 AM,2026-03-12,07:45 AM,"1. Overhead Press (4x8-10)
2. Arnold Press (3x10-12)
3. Close-Grip Bench (3x8-10)
4. Weighted Dips (3x10-12)
5. Skullcrushers (3x12)
Finisher: Lateral Raise Drop Set",Gym / Hostel
Day 5: PULL B (Thickness Focus),2026-03-13,06:00 AM,2026-03-13,07:45 AM,"1. Deadlifts (3x5)
2. T-Bar Rows (4x10-12)
3. Seated Cable Rows (3x12)
4. Reverse Pec Deck (4x15)
5. Hammer Curls (4x12)
Finisher: Shrugs or Farmers Walk",Gym / Hostel
Day 6: LEGS B (Agility Focus),2026-03-14,06:00 AM,2026-03-14,07:45 AM,"1. RDLs (4x10-12)
2. Bulgarian Split Squats (3x10/leg)
3. Leg Curls (4x12-15)
4. Lying Leg Raises (3x15)
5. Russian Twists (3x20)
Finisher: Death by Leg Press or Sprints",Gym / Hostel
Day 7: RECOVERY,2026-03-15,06:00 AM,2026-03-15,07:45 AM,"1. Foam Roll (15 mins)
2. Mobility Circuit (Glute Bridge, Cat-Cow, Deep Squat Hold)
3. Deep Static Stretching (20 mins)",Gym / Hostel
Day 1: PUSH A (Chest Focus),2026-03-16,06:00 AM,2026-03-16,07:45 AM,"1. Bench Press (4x8-10)
2. Incline DB Press (3x10-12)
3. Incline Flys (3x12-15)
4. Lateral Raises (4x15)
5. Tricep Pushdowns (3x12-15)
Finisher: Cable Crossovers or Incline Push-ups",Gym / Hostel
Day 2: PULL A (Width Focus),2026-03-17,06:00 AM,2026-03-17,07:45 AM,"1. Pull-ups (4xAMRAP)
2. Lat Pulldowns (3x10-12)
3. Single-Arm Rows (3x12/arm)
4. Face Pulls (4x15-20)
5. DB Curls (4x10-12)
Finisher: Straight-Arm Pulldowns",Gym / Hostel
Day 3: LEGS A (Squat Focus),2026-03-18,06:00 AM,2026-03-18,07:45 AM,"1. Barbell Squats (4x8-10)
2. Leg Press (4x10-12)
3. Leg Extensions (3x15)
4. Walking Lunges (3x12/leg)
5. Plank (3x60s)
Finisher: Calf Raises or Goblet Squats",Gym / Hostel
Day 4: PUSH B (Shoulder Focus),2026-03-19,06:00 AM,2026-03-19,07:45 AM,"1. Overhead Press (4x8-10)
2. Arnold Press (3x10-12)
3. Close-Grip Bench (3x8-10)
4. Weighted Dips (3x10-12)
5. Skullcrushers (3x12)
Finisher: Lateral Raise Drop Set",Gym / Hostel
Day 5: PULL B (Thickness Focus),2026-03-20,06:00 AM,2026-03-20,07:45 AM,"1. Deadlifts (3x5)
2. T-Bar Rows (4x10-12)
3. Seated Cable Rows (3x12)
4. Reverse Pec Deck (4x15)
5. Hammer Curls (4x12)
Finisher: Shrugs or Farmers Walk",Gym / Hostel
Day 6: LEGS B (Agility Focus),2026-03-21,06:00 AM,2026-03-21,07:45 AM,"1. RDLs (4x10-12)
2. Bulgarian Split Squats (3x10/leg)
3. Leg Curls (4x12-15)
4. Lying Leg Raises (3x15)
5. Russian Twists (3x20)
Finisher: Death by Leg Press or Sprints",Gym / Hostel
Day 7: RECOVERY,2026-03-22,06:00 AM,2026-03-22,07:45 AM,"1. Foam Roll (15 mins)
2. Mobility Circuit (Glute Bridge, Cat-Cow, Deep Squat Hold)
3. Deep Static Stretching (20 mins)",Gym / Hostel
Day 1: PUSH A (Chest Focus),2026-03-23,06:00 AM,2026-03-23,07:45 AM,"1. Bench Press (4x8-10)
2. Incline DB Press (3x10-12)
3. Incline Flys (3x12-15)
4. Lateral Raises (4x15)
5. Tricep Pushdowns (3x12-15)
Finisher: Cable Crossovers or Incline Push-ups",Gym / Hostel
Day 2: PULL A (Width Focus),2026-03-24,06:00 AM,2026-03-24,07:45 AM,"1. Pull-ups (4xAMRAP)
2. Lat Pulldowns (3x10-12)
3. Single-Arm Rows (3x12/arm)
4. Face Pulls (4x15-20)
5. DB Curls (4x10-12)
Finisher: Straight-Arm Pulldowns",Gym / Hostel
Day 3: LEGS A (Squat Focus),2026-03-25,06:00 AM,2026-03-25,07:45 AM,"1. Barbell Squats (4x8-10)
2. Leg Press (4x10-12)
3. Leg Extensions (3x15)
4. Walking Lunges (3x12/leg)
5. Plank (3x60s)
Finisher: Calf Raises or Goblet Squats",Gym / Hostel
Day 4: PUSH B (Shoulder Focus),2026-03-26,06:00 AM,2026-03-26,07:45 AM,"1. Overhead Press (4x8-10)
2. Arnold Press (3x10-12)
3. Close-Grip Bench (3x8-10)
4. Weighted Dips (3x10-12)
5. Skullcrushers (3x12)
Finisher: Lateral Raise Drop Set",Gym / Hostel
Day 5: PULL B (Thickness Focus),2026-03-27,06:00 AM,2026-03-27,07:45 AM,"1. Deadlifts (3x5)
2. T-Bar Rows (4x10-12)
3. Seated Cable Rows (3x12)
4. Reverse Pec Deck (4x15)
5. Hammer Curls (4x12)
Finisher: Shrugs or Farmers Walk",Gym / Hostel
Day 6: LEGS B (Agility Focus),2026-03-28,06:00 AM,2026-03-28,07:45 AM,"1. RDLs (4x10-12)
2. Bulgarian Split Squats (3x10/leg)
3. Leg Curls (4x12-15)
4. Lying Leg Raises (3x15)
5. Russian Twists (3x20)
Finisher: Death by Leg Press or Sprints",Gym / Hostel
Day 7: RECOVERY,2026-03-29,06:00 AM,2026-03-29,07:45 AM,"1. Foam Roll (15 mins)
2. Mobility Circuit (Glute Bridge, Cat-Cow, Deep Squat Hold)
3. Deep Static Stretching (20 mins)",Gym / Hostel
Day 1: PUSH A (Chest Focus),2026-03-30,06:00 AM,2026-03-30,07:45 AM,"1. Bench Press (4x8-10)
2. Incline DB Press (3x10-12)
3. Incline Flys (3x12-15)
4. Lateral Raises (4x15)
5. Tricep Pushdowns (3x12-15)
Finisher: Cable Crossovers or Incline Push-ups",Gym / Hostel
Day 2: PULL A (Width Focus),2026-03-31,06:00 AM,2026-03-31,07:45 AM,"1. Pull-ups (4xAMRAP)
2. Lat Pulldowns (3x10-12)
3. Single-Arm Rows (3x12/arm)
4. Face Pulls (4x15-20)
5. DB Curls (4x10-12)
Finisher: Straight-Arm Pulldowns",Gym / Hostel
Day 3: LEGS A (Squat Focus),2026-04-01,06:00 AM,2026-04-01,07:45 AM,"1. Barbell Squats (4x8-10)
2. Leg Press (4x10-12)
3. Leg Extensions (3x15)
4. Walking Lunges (3x12/leg)
5. Plank (3x60s)
Finisher: Calf Raises or Goblet Squats",Gym / Hostel
Day 4: PUSH B (Shoulder Focus),2026-04-02,06:00 AM,2026-04-02,07:45 AM,"1. Overhead Press (4x8-10)
2. Arnold Press (3x10-12)
3. Close-Grip Bench (3x8-10)
4. Weighted Dips (3x10-12)
5. Skullcrushers (3x12)
Finisher: Lateral Raise Drop Set",Gym / Hostel
Day 5: PULL B (Thickness Focus),2026-04-03,06:00 AM,2026-04-03,07:45 AM,"1. Deadlifts (3x5)
2. T-Bar Rows (4x10-12)
3. Seated Cable Rows (3x12)
4. Reverse Pec Deck (4x15)
5. Hammer Curls (4x12)
Finisher: Shrugs or Farmers Walk",Gym / Hostel
Day 6: LEGS B (Agility Focus),2026-04-04,06:00 AM,2026-04-04,07:45 AM,"1. RDLs (4x10-12)
2. Bulgarian Split Squats (3x10/leg)
3. Leg Curls (4x12-15)
4. Lying Leg Raises (3x15)
5. Russian Twists (3x20)
Finisher: Death by Leg Press or Sprints",Gym / Hostel
Day 7: RECOVERY,2026-04-05,06:00 AM,2026-04-05,07:45 AM,"1. Foam Roll (15 mins)
2. Mobility Circuit (Glute Bridge, Cat-Cow, Deep Squat Hold)
3. Deep Static Stretching (20 mins)",Gym / Hostel
Day 1: PUSH A (Chest Focus),2026-04-06,06:00 AM,2026-04-06,07:45 AM,"1. Bench Press (4x8-10)
2. Incline DB Press (3x10-12)
3. Incline Flys (3x12-15)
4. Lateral Raises (4x15)
5. Tricep Pushdowns (3x12-15)
Finisher: Cable Crossovers or Incline Push-ups",Gym / Hostel
Day 2: PULL A (Width Focus),2026-04-07,06:00 AM,2026-04-07,07:45 AM,"1. Pull-ups (4xAMRAP)
2. Lat Pulldowns (3x10-12)
3. Single-Arm Rows (3x12/arm)
4. Face Pulls (4x15-20)
5. DB Curls (4x10-12)
Finisher: Straight-Arm Pulldowns",Gym / Hostel
Day 3: LEGS A (Squat Focus),2026-04-08,06:00 AM,2026-04-08,07:45 AM,"1. Barbell Squats (4x8-10)
2. Leg Press (4x10-12)
3. Leg Extensions (3x15)
4. Walking Lunges (3x12/leg)
5. Plank (3x60s)
Finisher: Calf Raises or Goblet Squats",Gym / Hostel
Day 4: PUSH B (Shoulder Focus),2026-04-09,06:00 AM,2026-04-09,07:45 AM,"1. Overhead Press (4x8-10)
2. Arnold Press (3x10-12)
3. Close-Grip Bench (3x8-10)
4. Weighted Dips (3x10-12)
5. Skullcrushers (3x12)
Finisher: Lateral Raise Drop Set",Gym / Hostel
Day 5: PULL B (Thickness Focus),2026-04-10,06:00 AM,2026-04-10,07:45 AM,"1. Deadlifts (3x5)
2. T-Bar Rows (4x10-12)
3. Seated Cable Rows (3x12)
4. Reverse Pec Deck (4x15)
5. Hammer Curls (4x12)
Finisher: Shrugs or Farmers Walk",Gym / Hostel
Day 6: LEGS B (Agility Focus),2026-04-11,06:00 AM,2026-04-11,07:45 AM,"1. RDLs (4x10-12)
2. Bulgarian Split Squats (3x10/leg)
3. Leg Curls (4x12-15)
4. Lying Leg Raises (3x15)
5. Russian Twists (3x20)
Finisher: Death by Leg Press or Sprints",Gym / Hostel
Day 7: RECOVERY,2026-04-12,06:00 AM,2026-04-12,07:45 AM,"1. Foam Roll (15 mins)
2. Mobility Circuit (Glute Bridge, Cat-Cow, Deep Squat Hold)
3. Deep Static Stretching (20 mins)",Gym / Hostel
Day 1: PUSH A (Chest Focus),2026-04-13,06:00 AM,2026-04-13,07:45 AM,"1. Bench Press (4x8-10)
2. Incline DB Press (3x10-12)
3. Incline Flys (3x12-15)
4. Lateral Raises (4x15)
5. Tricep Pushdowns (3x12-15)
Finisher: Cable Crossovers or Incline Push-ups",Gym / Hostel
Day 2: PULL A (Width Focus),2026-04-14,06:00 AM,2026-04-14,07:45 AM,"1. Pull-ups (4xAMRAP)
2. Lat Pulldowns (3x10-12)
3. Single-Arm Rows (3x12/arm)
4. Face Pulls (4x15-20)
5. DB Curls (4x10-12)
Finisher: Straight-Arm Pulldowns",Gym / Hostel
Day 3: LEGS A (Squat Focus),2026-04-15,06:00 AM,2026-04-15,07:45 AM,"1. Barbell Squats (4x8-10)
2. Leg Press (4x10-12)
3. Leg Extensions (3x15)
4. Walking Lunges (3x12/leg)
5. Plank (3x60s)
Finisher: Calf Raises or Goblet Squats",Gym / Hostel
Day 4: PUSH B (Shoulder Focus),2026-04-16,06:00 AM,2026-04-16,07:45 AM,"1. Overhead Press (4x8-10)
2. Arnold Press (3x10-12)
3. Close-Grip Bench (3x8-10)
4. Weighted Dips (3x10-12)
5. Skullcrushers (3x12)
Finisher: Lateral Raise Drop Set",Gym / Hostel
Day 5: PULL B (Thickness Focus),2026-04-17,06:00 AM,2026-04-17,07:45 AM,"1. Deadlifts (3x5)
2. T-Bar Rows (4x10-12)
3. Seated Cable Rows (3x12)
4. Reverse Pec Deck (4x15)
5. Hammer Curls (4x12)
Finisher: Shrugs or Farmers Walk",Gym / Hostel
Day 6: LEGS B (Agility Focus),2026-04-18,06:00 AM,2026-04-18,07:45 AM,"1. RDLs (4x10-12)
2. Bulgarian Split Squats (3x10/leg)
3. Leg Curls (4x12-15)
4. Lying Leg Raises (3x15)
5. Russian Twists (3x20)
Finisher: Death by Leg Press or Sprints",Gym / Hostel
Day 7: RECOVERY,2026-04-19,06:00 AM,2026-04-19,07:45 AM,"1. Foam Roll (15 mins)
2. Mobility Circuit (Glute Bridge, Cat-Cow, Deep Squat Hold)
3. Deep Static Stretching (20 mins)",Gym / Hostel
Day 1: PUSH A (Chest Focus),2026-04-20,06:00 AM,2026-04-20,07:45 AM,"1. Bench Press (4x8-10)
2. Incline DB Press (3x10-12)
3. Incline Flys (3x12-15)
4. Lateral Raises (4x15)
5. Tricep Pushdowns (3x12-15)
Finisher: Cable Crossovers or Incline Push-ups",Gym / Hostel
Day 2: PULL A (Width Focus),2026-04-21,06:00 AM,2026-04-21,07:45 AM,"1. Pull-ups (4xAMRAP)
2. Lat Pulldowns (3x10-12)
3. Single-Arm Rows (3x12/arm)
4. Face Pulls (4x15-20)
5. DB Curls (4x10-12)
Finisher: Straight-Arm Pulldowns",Gym / Hostel
Day 3: LEGS A (Squat Focus),2026-04-22,06:00 AM,2026-04-22,07:45 AM,"1. Barbell Squats (4x8-10)
2. Leg Press (4x10-12)
3. Leg Extensions (3x15)
4. Walking Lunges (3x12/leg)
5. Plank (3x60s)
Finisher: Calf Raises or Goblet Squats",Gym / Hostel
Day 4: PUSH B (Shoulder Focus),2026-04-23,06:00 AM,2026-04-23,07:45 AM,"1. Overhead Press (4x8-10)
2. Arnold Press (3x10-12)
3. Close-Grip Bench (3x8-10)
4. Weighted Dips (3x10-12)
5. Skullcrushers (3x12)
Finisher: Lateral Raise Drop Set",Gym / Hostel
Day 5: PULL B (Thickness Focus),2026-04-24,06:00 AM,2026-04-24,07:45 AM,"1. Deadlifts (3x5)
2. T-Bar Rows (4x10-12)
3. Seated Cable Rows (3x12)
4. Reverse Pec Deck (4x15)
5. Hammer Curls (4x12)
Finisher: Shrugs or Farmers Walk",Gym / Hostel
Day 6: LEGS B (Agility Focus),2026-04-25,06:00 AM,2026-04-25,07:45 AM,"1. RDLs (4x10-12)
2. Bulgarian Split Squats (3x10/leg)
3. Leg Curls (4x12-15)
4. Lying Leg Raises (3x15)
5. Russian Twists (3x20)
Finisher: Death by Leg Press or Sprints",Gym / Hostel
Day 7: RECOVERY,2026-04-26,06:00 AM,2026-04-26,07:45 AM,"1. Foam Roll (15 mins)
2. Mobility Circuit (Glute Bridge, Cat-Cow, Deep Squat Hold)
3. Deep Static Stretching (20 mins)",Gym / Hostel
Day 1: PUSH A (Chest Focus),2026-04-27,06:00 AM,2026-04-27,07:45 AM,"1. Bench Press (4x8-10)
2. Incline DB Press (3x10-12)
3. Incline Flys (3x12-15)
4. Lateral Raises (4x15)
5. Tricep Pushdowns (3x12-15)
Finisher: Cable Crossovers or Incline Push-ups",Gym / Hostel
Day 2: PULL A (Width Focus),2026-04-28,06:00 AM,2026-04-28,07:45 AM,"1. Pull-ups (4xAMRAP)
2. Lat Pulldowns (3x10-12)
3. Single-Arm Rows (3x12/arm)
4. Face Pulls (4x15-20)
5. DB Curls (4x10-12)
Finisher: Straight-Arm Pulldowns",Gym / Hostel
Day 3: LEGS A (Squat Focus),2026-04-29,06:00 AM,2026-04-29,07:45 AM,"1. Barbell Squats (4x8-10)
2. Leg Press (4x10-12)
3. Leg Extensions (3x15)
4. Walking Lunges (3x12/leg)
5. Plank (3x60s)
Finisher: Calf Raises or Goblet Squats",Gym / Hostel
Day 4: PUSH B (Shoulder Focus),2026-04-30,06:00 AM,2026-04-30,07:45 AM,"1. Overhead Press (4x8-10)
2. Arnold Press (3x10-12)
3. Close-Grip Bench (3x8-10)
4. Weighted Dips (3x10-12)
5. Skullcrushers (3x12)
Finisher: Lateral Raise Drop Set",Gym / Hostel
Day 5: PULL B (Thickness Focus),2026-05-01,06:00 AM,2026-05-01,07:45 AM,"1. Deadlifts (3x5)
2. T-Bar Rows (4x10-12)
3. Seated Cable Rows (3x12)
4. Reverse Pec Deck (4x15)
5. Hammer Curls (4x12)
Finisher: Shrugs or Farmers Walk",Gym / Hostel
Day 6: LEGS B (Agility Focus),2026-05-02,06:00 AM,2026-05-02,07:45 AM,"1. RDLs (4x10-12)
2. Bulgarian Split Squats (3x10/leg)
3. Leg Curls (4x12-15)
4. Lying Leg Raises (3x15)
5. Russian Twists (3x20)
Finisher: Death by Leg Press or Sprints",Gym / Hostel
Day 7: RECOVERY,2026-05-03,06:00 AM,2026-05-03,07:45 AM,"1. Foam Roll (15 mins)
2. Mobility Circuit (Glute Bridge, Cat-Cow, Deep Squat Hold)
3. Deep Static Stretching (20 mins)",Gym / Hostel
Day 1: PUSH A (Chest Focus),2026-05-04,06:00 AM,2026-05-04,07:45 AM,"1. Bench Press (4x8-10)
2. Incline DB Press (3x10-12)
3. Incline Flys (3x12-15)
4. Lateral Raises (4x15)
5. Tricep Pushdowns (3x12-15)
Finisher: Cable Crossovers or Incline Push-ups",Gym / Hostel
Day 2: PULL A (Width Focus),2026-05-05,06:00 AM,2026-05-05,07:45 AM,"1. Pull-ups (4xAMRAP)
2. Lat Pulldowns (3x10-12)
3. Single-Arm Rows (3x12/arm)
4. Face Pulls (4x15-20)
5. DB Curls (4x10-12)
Finisher: Straight-Arm Pulldowns",Gym / Hostel
Day 3: LEGS A (Squat Focus),2026-05-06,06:00 AM,2026-05-06,07:45 AM,"1. Barbell Squats (4x8-10)
2. Leg Press (4x10-12)
3. Leg Extensions (3x15)
4. Walking Lunges (3x12/leg)
5. Plank (3x60s)
Finisher: Calf Raises or Goblet Squats",Gym / Hostel
Day 4: PUSH B (Shoulder Focus),2026-05-07,06:00 AM,2026-05-07,07:45 AM,"1. Overhead Press (4x8-10)
2. Arnold Press (3x10-12)
3. Close-Grip Bench (3x8-10)
4. Weighted Dips (3x10-12)
5. Skullcrushers (3x12)
Finisher: Lateral Raise Drop Set",Gym / Hostel
Day 5: PULL B (Thickness Focus),2026-05-08,06:00 AM,2026-05-08,07:45 AM,"1. Deadlifts (3x5)
2. T-Bar Rows (4x10-12)
3. Seated Cable Rows (3x12)
4. Reverse Pec Deck (4x15)
5. Hammer Curls (4x12)
Finisher: Shrugs or Farmers Walk",Gym / Hostel
Day 6: LEGS B (Agility Focus),2026-05-09,06:00 AM,2026-05-09,07:45 AM,"1. RDLs (4x10-12)
2. Bulgarian Split Squats (3x10/leg)
3. Leg Curls (4x12-15)
4. Lying Leg Raises (3x15)
5. Russian Twists (3x20)
Finisher: Death by Leg Press or Sprints",Gym / Hostel
Day 7: RECOVERY,2026-05-10,06:00 AM,2026-05-10,07:45 AM,"1. Foam Roll (15 mins)
2. Mobility Circuit (Glute Bridge, Cat-Cow, Deep Squat Hold)
3. Deep Static Stretching (20 mins)",Gym / Hostel
Day 1: PUSH A (Chest Focus),2026-05-11,06:00 AM,2026-05-11,07:45 AM,"1. Bench Press (4x8-10)
2. Incline DB Press (3x10-12)
3. Incline Flys (3x12-15)
4. Lateral Raises (4x15)
5. Tricep Pushdowns (3x12-15)
Finisher: Cable Crossovers or Incline Push-ups",Gym / Hostel
Day 2: PULL A (Width Focus),2026-05-12,06:00 AM,2026-05-12,07:45 AM,"1. Pull-ups (4xAMRAP)
2. Lat Pulldowns (3x10-12)
3. Single-Arm Rows (3x12/arm)
4. Face Pulls (4x15-20)
5. DB Curls (4x10-12)
Finisher: Straight-Arm Pulldowns",Gym / Hostel
Day 3: LEGS A (Squat Focus),2026-05-13,06:00 AM,2026-05-13,07:45 AM,"1. Barbell Squats (4x8-10)
2. Leg Press (4x10-12)
3. Leg Extensions (3x15)
4. Walking Lunges (3x12/leg)
5. Plank (3x60s)
Finisher: Calf Raises or Goblet Squats",Gym / Hostel
Day 4: PUSH B (Shoulder Focus),2026-05-14,06:00 AM,2026-05-14,07:45 AM,"1. Overhead Press (4x8-10)
2. Arnold Press (3x10-12)
3. Close-Grip Bench (3x8-10)
4. Weighted Dips (3x10-12)
5. Skullcrushers (3x12)
Finisher: Lateral Raise Drop Set",Gym / Hostel
Day 5: PULL B (Thickness Focus),2026-05-15,06:00 AM,2026-05-15,07:45 AM,"1. Deadlifts (3x5)
2. T-Bar Rows (4x10-12)
3. Seated Cable Rows (3x12)
4. Reverse Pec Deck (4x15)
5. Hammer Curls (4x12)
Finisher: Shrugs or Farmers Walk",Gym / Hostel
Day 6: LEGS B (Agility Focus),2026-05-16,06:00 AM,2026-05-16,07:45 AM,"1. RDLs (4x10-12)
2. Bulgarian Split Squats (3x10/leg)
3. Leg Curls (4x12-15)
4. Lying Leg Raises (3x15)
5. Russian Twists (3x20)
Finisher: Death by Leg Press or Sprints",Gym / Hostel
Day 7: RECOVERY,2026-05-17,06:00 AM,2026-05-17,07:45 AM,"1. Foam Roll (15 mins)
2. Mobility Circuit (Glute Bridge, Cat-Cow, Deep Squat Hold)
3. Deep Static Stretching (20 mins)",Gym / Hostel
Day 1: PUSH A (Chest Focus),2026-05-18,06:00 AM,2026-05-18,07:45 AM,"1. Bench Press (4x8-10)
2. Incline DB Press (3x10-12)
3. Incline Flys (3x12-15)
4. Lateral Raises (4x15)
5. Tricep Pushdowns (3x12-15)
Finisher: Cable Crossovers or Incline Push-ups",Gym / Hostel
Day 2: PULL A (Width Focus),2026-05-19,06:00 AM,2026-05-19,07:45 AM,"1. Pull-ups (4xAMRAP)
2. Lat Pulldowns (3x10-12)
3. Single-Arm Rows (3x12/arm)
4. Face Pulls (4x15-20)
5. DB Curls (4x10-12)
Finisher: Straight-Arm Pulldowns",Gym / Hostel
Day 3: LEGS A (Squat Focus),2026-05-20,06:00 AM,2026-05-20,07:45 AM,"1. Barbell Squats (4x8-10)
2. Leg Press (4x10-12)
3. Leg Extensions (3x15)
4. Walking Lunges (3x12/leg)
5. Plank (3x60s)
Finisher: Calf Raises or Goblet Squats",Gym / Hostel
Day 4: PUSH B (Shoulder Focus),2026-05-21,06:00 AM,2026-05-21,07:45 AM,"1. Overhead Press (4x8-10)
2. Arnold Press (3x10-12)
3. Close-Grip Bench (3x8-10)
4. Weighted Dips (3x10-12)
5. Skullcrushers (3x12)
Finisher: Lateral Raise Drop Set",Gym / Hostel
Day 5: PULL B (Thickness Focus),2026-05-22,06:00 AM,2026-05-22,07:45 AM,"1. Deadlifts (3x5)
2. T-Bar Rows (4x10-12)
3. Seated Cable Rows (3x12)
4. Reverse Pec Deck (4x15)
5. Hammer Curls (4x12)
Finisher: Shrugs or Farmers Walk",Gym / Hostel
Day 6: LEGS B (Agility Focus),2026-05-23,06:00 AM,2026-05-23,07:45 AM,"1. RDLs (4x10-12)
2. Bulgarian Split Squats (3x10/leg)
3. Leg Curls (4x12-15)
4. Lying Leg Raises (3x15)
5. Russian Twists (3x20)
Finisher: Death by Leg Press or Sprints",Gym / Hostel
Day 7: RECOVERY,2026-05-24,06:00 AM,2026-05-24,07:45 AM,"1. Foam Roll (15 mins)
2. Mobility Circuit (Glute Bridge, Cat-Cow, Deep Squat Hold)
3. Deep Static Stretching (20 mins)",Gym / Hostel
Day 1: PUSH A (Chest Focus),2026-05-25,06:00 AM,2026-05-25,07:45 AM,"1. Bench Press (4x8-10)
2. Incline DB Press (3x10-12)
3. Incline Flys (3x12-15)
4. Lateral Raises (4x15)
5. Tricep Pushdowns (3x12-15)
Finisher: Cable Crossovers or Incline Push-ups",Gym / Hostel
Day 2: PULL A (Width Focus),2026-05-26,06:00 AM,2026-05-26,07:45 AM,"1. Pull-ups (4xAMRAP)
2. Lat Pulldowns (3x10-12)
3. Single-Arm Rows (3x12/arm)
4. Face Pulls (4x15-20)
5. DB Curls (4x10-12)
Finisher: Straight-Arm Pulldowns",Gym / Hostel
Day 3: LEGS A (Squat Focus),2026-05-27,06:00 AM,2026-05-27,07:45 AM,"1. Barbell Squats (4x8-10)
2. Leg Press (4x10-12)
3. Leg Extensions (3x15)
4. Walking Lunges (3x12/leg)
5. Plank (3x60s)
Finisher: Calf Raises or Goblet Squats",Gym / Hostel
Day 4: PUSH B (Shoulder Focus),2026-05-28,06:00 AM,2026-05-28,07:45 AM,"1. Overhead Press (4x8-10)
2. Arnold Press (3x10-12)
3. Close-Grip Bench (3x8-10)
4. Weighted Dips (3x10-12)
5. Skullcrushers (3x12)
Finisher: Lateral Raise Drop Set",Gym / Hostel
Day 5: PULL B (Thickness Focus),2026-05-29,06:00 AM,2026-05-29,07:45 AM,"1. Deadlifts (3x5)
2. T-Bar Rows (4x10-12)
3. Seated Cable Rows (3x12)
4. Reverse Pec Deck (4x15)
5. Hammer Curls (4x12)
Finisher: Shrugs or Farmers Walk",Gym / Hostel
Day 6: LEGS B (Agility Focus),2026-05-30,06:00 AM,2026-05-30,07:45 AM,"1. RDLs (4x10-12)
2. Bulgarian Split Squats (3x10/leg)
3. Leg Curls (4x12-15)
4. Lying Leg Raises (3x15)
5. Russian Twists (3x20)
Finisher: Death by Leg Press or Sprints",Gym / Hostel
Day 7: RECOVERY,2026-05-31,06:00 AM,2026-05-31,07:45 AM,"1. Foam Roll (15 mins)
2. Mobility Circuit (Glute Bridge, Cat-Cow, Deep Squat Hold)
3. Deep Static Stretching (20 mins)",Gym / Hostel
Day 1: PUSH A (Chest Focus),2026-06-01,06:00 AM,2026-06-01,07:45 AM,"1. Bench Press (4x8-10)
2. Incline DB Press (3x10-12)
3. Incline Flys (3x12-15)
4. Lateral Raises (4x15)
5. Tricep Pushdowns (3x12-15)
Finisher: Cable Crossovers or Incline Push-ups",Gym / Hostel
Day 2: PULL A (Width Focus),2026-06-02,06:00 AM,2026-06-02,07:45 AM,"1. Pull-ups (4xAMRAP)
2. Lat Pulldowns (3x10-12)
3. Single-Arm Rows (3x12/arm)
4. Face Pulls (4x15-20)
5. DB Curls (4x10-12)
Finisher: Straight-Arm Pulldowns",Gym / Hostel
Day 3: LEGS A (Squat Focus),2026-06-03,06:00 AM,2026-06-03,07:45 AM,"1. Barbell Squats (4x8-10)
2. Leg Press (4x10-12)
3. Leg Extensions (3x15)
4. Walking Lunges (3x12/leg)
5. Plank (3x60s)
Finisher: Calf Raises or Goblet Squats",Gym / Hostel
Day 4: PUSH B (Shoulder Focus),2026-06-04,06:00 AM,2026-06-04,07:45 AM,"1. Overhead Press (4x8-10)
2. Arnold Press (3x10-12)
3. Close-Grip Bench (3x8-10)
4. Weighted Dips (3x10-12)
5. Skullcrushers (3x12)
Finisher: Lateral Raise Drop Set",Gym / Hostel
Day 5: PULL B (Thickness Focus),2026-06-05,06:00 AM,2026-06-05,07:45 AM,"1. Deadlifts (3x5)
2. T-Bar Rows (4x10-12)
3. Seated Cable Rows (3x12)
4. Reverse Pec Deck (4x15)
5. Hammer Curls (4x12)
Finisher: Shrugs or Farmers Walk",Gym / Hostel
Day 6: LEGS B (Agility Focus),2026-06-06,06:00 AM,2026-06-06,07:45 AM,"1. RDLs (4x10-12)
2. Bulgarian Split Squats (3x10/leg)
3. Leg Curls (4x12-15)
4. Lying Leg Raises (3x15)
5. Russian Twists (3x20)
Finisher: Death by Leg Press or Sprints",Gym / Hostel
Day 7: RECOVERY,2026-06-07,06:00 AM,2026-06-07,07:45 AM,"1. Foam Roll (15 mins)
2. Mobility Circuit (Glute Bridge, Cat-Cow, Deep Squat Hold)
3. Deep Static Stretching (20 mins)",Gym / Hostel
Day 1: PUSH A (Chest Focus),2026-06-08,06:00 AM,2026-06-08,07:45 AM,"1. Bench Press (4x8-10)
2. Incline DB Press (3x10-12)
3. Incline Flys (3x12-15)
4. Lateral Raises (4x15)
5. Tricep Pushdowns (3x12-15)
Finisher: Cable Crossovers or Incline Push-ups",Gym / Hostel
Day 2: PULL A (Width Focus),2026-06-09,06:00 AM,2026-06-09,07:45 AM,"1. Pull-ups (4xAMRAP)
2. Lat Pulldowns (3x10-12)
3. Single-Arm Rows (3x12/arm)
4. Face Pulls (4x15-20)
5. DB Curls (4x10-12)
Finisher: Straight-Arm Pulldowns",Gym / Hostel
Day 3: LEGS A (Squat Focus),2026-06-10,06:00 AM,2026-06-10,07:45 AM,"1. Barbell Squats (4x8-10)
2. Leg Press (4x10-12)
3. Leg Extensions (3x15)
4. Walking Lunges (3x12/leg)
5. Plank (3x60s)
Finisher: Calf Raises or Goblet Squats",Gym / Hostel
Day 4: PUSH B (Shoulder Focus),2026-06-11,06:00 AM,2026-06-11,07:45 AM,"1. Overhead Press (4x8-10)
2. Arnold Press (3x10-12)
3. Close-Grip Bench (3x8-10)
4. Weighted Dips (3x10-12)
5. Skullcrushers (3x12)
Finisher: Lateral Raise Drop Set",Gym / Hostel
Day 5: PULL B (Thickness Focus),2026-06-12,06:00 AM,2026-06-12,07:45 AM,"1. Deadlifts (3x5)
2. T-Bar Rows (4x10-12)
3. Seated Cable Rows (3x12)
4. Reverse Pec Deck (4x15)
5. Hammer Curls (4x12)
Finisher: Shrugs or Farmers Walk",Gym / Hostel
Day 6: LEGS B (Agility Focus),2026-06-13,06:00 AM,2026-06-13,07:45 AM,"1. RDLs (4x10-12)
2. Bulgarian Split Squats (3x10/leg)
3. Leg Curls (4x12-15)
4. Lying Leg Raises (3x15)
5. Russian Twists (3x20)
Finisher: Death by Leg Press or Sprints",Gym / Hostel
Day 7: RECOVERY,2026-06-14,06:00 AM,2026-06-14,07:45 AM,"1. Foam Roll (15 mins)
2. Mobility Circuit (Glute Bridge, Cat-Cow, Deep Squat Hold)
3. Deep Static Stretching (20 mins)",Gym / Hostel
Day 1: PUSH A (Chest Focus),2026-06-15,06:00 AM,2026-06-15,07:45 AM,"1. Bench Press (4x8-10)
2. Incline DB Press (3x10-12)
3. Incline Flys (3x12-15)
4. Lateral Raises (4x15)
5. Tricep Pushdowns (3x12-15)
Finisher: Cable Crossovers or Incline Push-ups",Gym / Hostel
Day 2: PULL A (Width Focus),2026-06-16,06:00 AM,2026-06-16,07:45 AM,"1. Pull-ups (4xAMRAP)
2. Lat Pulldowns (3x10-12)
3. Single-Arm Rows (3x12/arm)
4. Face Pulls (4x15-20)
5. DB Curls (4x10-12)
Finisher: Straight-Arm Pulldowns",Gym / Hostel
Day 3: LEGS A (Squat Focus),2026-06-17,06:00 AM,2026-06-17,07:45 AM,"1. Barbell Squats (4x8-10)
2. Leg Press (4x10-12)
3. Leg Extensions (3x15)
4. Walking Lunges (3x12/leg)
5. Plank (3x60s)
Finisher: Calf Raises or Goblet Squats",Gym / Hostel
Day 4: PUSH B (Shoulder Focus),2026-06-18,06:00 AM,2026-06-18,07:45 AM,"1. Overhead Press (4x8-10)
2. Arnold Press (3x10-12)
3. Close-Grip Bench (3x8-10)
4. Weighted Dips (3x10-12)
5. Skullcrushers (3x12)
Finisher: Lateral Raise Drop Set",Gym / Hostel
Day 5: PULL B (Thickness Focus),2026-06-19,06:00 AM,2026-06-19,07:45 AM,"1. Deadlifts (3x5)
2. T-Bar Rows (4x10-12)
3. Seated Cable Rows (3x12)
4. Reverse Pec Deck (4x15)
5. Hammer Curls (4x12)
Finisher: Shrugs or Farmers Walk",Gym / Hostel
Day 6: LEGS B (Agility Focus),2026-06-20,06:00 AM,2026-06-20,07:45 AM,"1. RDLs (4x10-12)
2. Bulgarian Split Squats (3x10/leg)
3. Leg Curls (4x12-15)
4. Lying Leg Raises (3x15)
5. Russian Twists (3x20)
Finisher: Death by Leg Press or Sprints",Gym / Hostel
Day 7: RECOVERY,2026-06-21,06:00 AM,2026-06-21,07:45 AM,"1. Foam Roll (15 mins)
2. Mobility Circuit (Glute Bridge, Cat-Cow, Deep Squat Hold)
3. Deep Static Stretching (20 mins)",Gym / Hostel
Day 1: PUSH A (Chest Focus),2026-06-22,06:00 AM,2026-06-22,07:45 AM,"1. Bench Press (4x8-10)
2. Incline DB Press (3x10-12)
3. Incline Flys (3x12-15)
4. Lateral Raises (4x15)
5. Tricep Pushdowns (3x12-15)
Finisher: Cable Crossovers or Incline Push-ups",Gym / Hostel
Day 2: PULL A (Width Focus),2026-06-23,06:00 AM,2026-06-23,07:45 AM,"1. Pull-ups (4xAMRAP)
2. Lat Pulldowns (3x10-12)
3. Single-Arm Rows (3x12/arm)
4. Face Pulls (4x15-20)
5. DB Curls (4x10-12)
Finisher: Straight-Arm Pulldowns",Gym / Hostel
Day 3: LEGS A (Squat Focus),2026-06-24,06:00 AM,2026-06-24,07:45 AM,"1. Barbell Squats (4x8-10)
2. Leg Press (4x10-12)
3. Leg Extensions (3x15)
4. Walking Lunges (3x12/leg)
5. Plank (3x60s)
Finisher: Calf Raises or Goblet Squats",Gym / Hostel
Day 4: PUSH B (Shoulder Focus),2026-06-25,06:00 AM,2026-06-25,07:45 AM,"1. Overhead Press (4x8-10)
2. Arnold Press (3x10-12)
3. Close-Grip Bench (3x8-10)
4. Weighted Dips (3x10-12)
5. Skullcrushers (3x12)
Finisher: Lateral Raise Drop Set",Gym / Hostel
Day 5: PULL B (Thickness Focus),2026-06-26,06:00 AM,2026-06-26,07:45 AM,"1. Deadlifts (3x5)
2. T-Bar Rows (4x10-12)
3. Seated Cable Rows (3x12)
4. Reverse Pec Deck (4x15)
5. Hammer Curls (4x12)
Finisher: Shrugs or Farmers Walk",Gym / Hostel
Day 6: LEGS B (Agility Focus),2026-06-27,06:00 AM,2026-06-27,07:45 AM,"1. RDLs (4x10-12)
2. Bulgarian Split Squats (3x10/leg)
3. Leg Curls (4x12-15)
4. Lying Leg Raises (3x15)
5. Russian Twists (3x20)
Finisher: Death by Leg Press or Sprints",Gym / Hostel
Day 7: RECOVERY,2026-06-28,06:00 AM,2026-06-28,07:45 AM,"1. Foam Roll (15 mins)
2. Mobility Circuit (Glute Bridge, Cat-Cow, Deep Squat Hold)
3. Deep Static Stretching (20 mins)",Gym / Hostel
Day 1: PUSH A (Chest Focus),2026-06-29,06:00 AM,2026-06-29,07:45 AM,"1. Bench Press (4x8-10)
2. Incline DB Press (3x10-12)
3. Incline Flys (3x12-15)
4. Lateral Raises (4x15)
5. Tricep Pushdowns (3x12-15)
Finisher: Cable Crossovers or Incline Push-ups",Gym / Hostel
Day 2: PULL A (Width Focus),2026-06-30,06:00 AM,2026-06-30,07:45 AM,"1. Pull-ups (4xAMRAP)
2. Lat Pulldowns (3x10-12)
3. Single-Arm Rows (3x12/arm)
4. Face Pulls (4x15-20)
5. DB Curls (4x10-12)
Finisher: Straight-Arm Pulldowns",Gym / Hostel
Day 3: LEGS A (Squat Focus),2026-07-01,06:00 AM,2026-07-01,07:45 AM,"1. Barbell Squats (4x8-10)
2. Leg Press (4x10-12)
3. Leg Extensions (3x15)
4. Walking Lunges (3x12/leg)
5. Plank (3x60s)
Finisher: Calf Raises or Goblet Squats",Gym / Hostel
Day 4: PUSH B (Shoulder Focus),2026-07-02,06:00 AM,2026-07-02,07:45 AM,"1. Overhead Press (4x8-10)
2. Arnold Press (3x10-12)
3. Close-Grip Bench (3x8-10)
4. Weighted Dips (3x10-12)
5. Skullcrushers (3x12)
Finisher: Lateral Raise Drop Set",Gym / Hostel
Day 5: PULL B (Thickness Focus),2026-07-03,06:00 AM,2026-07-03,07:45 AM,"1. Deadlifts (3x5)
2. T-Bar Rows (4x10-12)
3. Seated Cable Rows (3x12)
4. Reverse Pec Deck (4x15)
5. Hammer Curls (4x12)
Finisher: Shrugs or Farmers Walk",Gym / Hostel
Day 6: LEGS B (Agility Focus),2026-07-04,06:00 AM,2026-07-04,07:45 AM,"1. RDLs (4x10-12)
2. Bulgarian Split Squats (3x10/leg)
3. Leg Curls (4x12-15)
4. Lying Leg Raises (3x15)
5. Russian Twists (3x20)
Finisher: Death by Leg Press or Sprints",Gym / Hostel
Day 7: RECOVERY,2026-07-05,06:00 AM,2026-07-05,07:45 AM,"1. Foam Roll (15 mins)
2. Mobility Circuit (Glute Bridge, Cat-Cow, Deep Squat Hold)
3. Deep Static Stretching (20 mins)",Gym / Hostel
Day 1: PUSH A (Chest Focus),2026-07-06,06:00 AM,2026-07-06,07:45 AM,"1. Bench Press (4x8-10)
2. Incline DB Press (3x10-12)
3. Incline Flys (3x12-15)
4. Lateral Raises (4x15)
5. Tricep Pushdowns (3x12-15)
Finisher: Cable Crossovers or Incline Push-ups",Gym / Hostel
Day 2: PULL A (Width Focus),2026-07-07,06:00 AM,2026-07-07,07:45 AM,"1. Pull-ups (4xAMRAP)
2. Lat Pulldowns (3x10-12)
3. Single-Arm Rows (3x12/arm)
4. Face Pulls (4x15-20)
5. DB Curls (4x10-12)
Finisher: Straight-Arm Pulldowns",Gym / Hostel
Day 3: LEGS A (Squat Focus),2026-07-08,06:00 AM,2026-07-08,07:45 AM,"1. Barbell Squats (4x8-10)
2. Leg Press (4x10-12)
3. Leg Extensions (3x15)
4. Walking Lunges (3x12/leg)
5. Plank (3x60s)
Finisher: Calf Raises or Goblet Squats",Gym / Hostel
Day 4: PUSH B (Shoulder Focus),2026-07-09,06:00 AM,2026-07-09,07:45 AM,"1. Overhead Press (4x8-10)
2. Arnold Press (3x10-12)
3. Close-Grip Bench (3x8-10)
4. Weighted Dips (3x10-12)
5. Skullcrushers (3x12)
Finisher: Lateral Raise Drop Set",Gym / Hostel
Day 5: PULL B (Thickness Focus),2026-07-10,06:00 AM,2026-07-10,07:45 AM,"1. Deadlifts (3x5)
2. T-Bar Rows (4x10-12)
3. Seated Cable Rows (3x12)
4. Reverse Pec Deck (4x15)
5. Hammer Curls (4x12)
Finisher: Shrugs or Farmers Walk",Gym / Hostel
Day 6: LEGS B (Agility Focus),2026-07-11,06:00 AM,2026-07-11,07:45 AM,"1. RDLs (4x10-12)
2. Bulgarian Split Squats (3x10/leg)
3. Leg Curls (4x12-15)
4. Lying Leg Raises (3x15)
5. Russian Twists (3x20)
Finisher: Death by Leg Press or Sprints",Gym / Hostel
Day 7: RECOVERY,2026-07-12,06:00 AM,2026-07-12,07:45 AM,"1. Foam Roll (15 mins)
2. Mobility Circuit (Glute Bridge, Cat-Cow, Deep Squat Hold)
3. Deep Static Stretching (20 mins)",Gym / Hostel
Day 1: PUSH A (Chest Focus),2026-07-13,06:00 AM,2026-07-13,07:45 AM,"1. Bench Press (4x8-10)
2. Incline DB Press (3x10-12)
3. Incline Flys (3x12-15)
4. Lateral Raises (4x15)
5. Tricep Pushdowns (3x12-15)
Finisher: Cable Crossovers or Incline Push-ups",Gym / Hostel
Day 2: PULL A (Width Focus),2026-07-14,06:00 AM,2026-07-14,07:45 AM,"1. Pull-ups (4xAMRAP)
2. Lat Pulldowns (3x10-12)
3. Single-Arm Rows (3x12/arm)
4. Face Pulls (4x15-20)
5. DB Curls (4x10-12)
Finisher: Straight-Arm Pulldowns",Gym / Hostel
Day 3: LEGS A (Squat Focus),2026-07-15,06:00 AM,2026-07-15,07:45 AM,"1. Barbell Squats (4x8-10)
2. Leg Press (4x10-12)
3. Leg Extensions (3x15)
4. Walking Lunges (3x12/leg)
5. Plank (3x60s)
Finisher: Calf Raises or Goblet Squats",Gym / Hostel
Day 4: PUSH B (Shoulder Focus),2026-07-16,06:00 AM,2026-07-16,07:45 AM,"1. Overhead Press (4x8-10)
2. Arnold Press (3x10-12)
3. Close-Grip Bench (3x8-10)
4. Weighted Dips (3x10-12)
5. Skullcrushers (3x12)
Finisher: Lateral Raise Drop Set",Gym / Hostel
Day 5: PULL B (Thickness Focus),2026-07-17,06:00 AM,2026-07-17,07:45 AM,"1. Deadlifts (3x5)
2. T-Bar Rows (4x10-12)
3. Seated Cable Rows (3x12)
4. Reverse Pec Deck (4x15)
5. Hammer Curls (4x12)
Finisher: Shrugs or Farmers Walk",Gym / Hostel
Day 6: LEGS B (Agility Focus),2026-07-18,06:00 AM,2026-07-18,07:45 AM,"1. RDLs (4x10-12)
2. Bulgarian Split Squats (3x10/leg)
3. Leg Curls (4x12-15)
4. Lying Leg Raises (3x15)
5. Russian Twists (3x20)
Finisher: Death by Leg Press or Sprints",Gym / Hostel
Day 7: RECOVERY,2026-07-19,06:00 AM,2026-07-19,07:45 AM,"1. Foam Roll (15 mins)
2. Mobility Circuit (Glute Bridge, Cat-Cow, Deep Squat Hold)
3. Deep Static Stretching (20 mins)",Gym / Hostel
Day 1: PUSH A (Chest Focus),2026-07-20,06:00 AM,2026-07-20,07:45 AM,"1. Bench Press (4x8-10)
2. Incline DB Press (3x10-12)
3. Incline Flys (3x12-15)
4. Lateral Raises (4x15)
5. Tricep Pushdowns (3x12-15)
Finisher: Cable Crossovers or Incline Push-ups",Gym / Hostel
Day 2: PULL A (Width Focus),2026-07-21,06:00 AM,2026-07-21,07:45 AM,"1. Pull-ups (4xAMRAP)
2. Lat Pulldowns (3x10-12)
3. Single-Arm Rows (3x12/arm)
4. Face Pulls (4x15-20)
5. DB Curls (4x10-12)
Finisher: Straight-Arm Pulldowns",Gym / Hostel
Day 3: LEGS A (Squat Focus),2026-07-22,06:00 AM,2026-07-22,07:45 AM,"1. Barbell Squats (4x8-10)
2. Leg Press (4x10-12)
3. Leg Extensions (3x15)
4. Walking Lunges (3x12/leg)
5. Plank (3x60s)
Finisher: Calf Raises or Goblet Squats",Gym / Hostel
Day 4: PUSH B (Shoulder Focus),2026-07-23,06:00 AM,2026-07-23,07:45 AM,"1. Overhead Press (4x8-10)
2. Arnold Press (3x10-12)
3. Close-Grip Bench (3x8-10)
4. Weighted Dips (3x10-12)
5. Skullcrushers (3x12)
Finisher: Lateral Raise Drop Set",Gym / Hostel
Day 5: PULL B (Thickness Focus),2026-07-24,06:00 AM,2026-07-24,07:45 AM,"1. Deadlifts (3x5)
2. T-Bar Rows (4x10-12)
3. Seated Cable Rows (3x12)
4. Reverse Pec Deck (4x15)
5. Hammer Curls (4x12)
Finisher: Shrugs or Farmers Walk",Gym / Hostel
Day 6: LEGS B (Agility Focus),2026-07-25,06:00 AM,2026-07-25,07:45 AM,"1. RDLs (4x10-12)
2. Bulgarian Split Squats (3x10/leg)
3. Leg Curls (4x12-15)
4. Lying Leg Raises (3x15)
5. Russian Twists (3x20)
Finisher: Death by Leg Press or Sprints",Gym / Hostel
Day 7: RECOVERY,2026-07-26,06:00 AM,2026-07-26,07:45 AM,"1. Foam Roll (15 mins)
2. Mobility Circuit (Glute Bridge, Cat-Cow, Deep Squat Hold)
3. Deep Static Stretching (20 mins)",Gym / Hostel
Day 1: PUSH A (Chest Focus),2026-07-27,06:00 AM,2026-07-27,07:45 AM,"1. Bench Press (4x8-10)
2. Incline DB Press (3x10-12)
3. Incline Flys (3x12-15)
4. Lateral Raises (4x15)
5. Tricep Pushdowns (3x12-15)
Finisher: Cable Crossovers or Incline Push-ups",Gym / Hostel
Day 2: PULL A (Width Focus),2026-07-28,06:00 AM,2026-07-28,07:45 AM,"1. Pull-ups (4xAMRAP)
2. Lat Pulldowns (3x10-12)
3. Single-Arm Rows (3x12/arm)
4. Face Pulls (4x15-20)
5. DB Curls (4x10-12)
Finisher: Straight-Arm Pulldowns",Gym / Hostel
Day 3: LEGS A (Squat Focus),2026-07-29,06:00 AM,2026-07-29,07:45 AM,"1. Barbell Squats (4x8-10)
2. Leg Press (4x10-12)
3. Leg Extensions (3x15)
4. Walking Lunges (3x12/leg)
5. Plank (3x60s)
Finisher: Calf Raises or Goblet Squats",Gym / Hostel
Day 4: PUSH B (Shoulder Focus),2026-07-30,06:00 AM,2026-07-30,07:45 AM,"1. Overhead Press (4x8-10)
2. Arnold Press (3x10-12)
3. Close-Grip Bench (3x8-10)
4. Weighted Dips (3x10-12)
5. Skullcrushers (3x12)
Finisher: Lateral Raise Drop Set",Gym / Hostel
Day 5: PULL B (Thickness Focus),2026-07-31,06:00 AM,2026-07-31,07:45 AM,"1. Deadlifts (3x5)
2. T-Bar Rows (4x10-12)
3. Seated Cable Rows (3x12)
4. Reverse Pec Deck (4x15)
5. Hammer Curls (4x12)
Finisher: Shrugs or Farmers Walk",Gym / Hostel
Day 6: LEGS B (Agility Focus),2026-08-01,06:00 AM,2026-08-01,07:45 AM,"1. RDLs (4x10-12)
2. Bulgarian Split Squats (3x10/leg)
3. Leg Curls (4x12-15)
4. Lying Leg Raises (3x15)
5. Russian Twists (3x20)
Finisher: Death by Leg Press or Sprints",Gym / Hostel
Day 7: RECOVERY,2026-08-02,06:00 AM,2026-08-02,07:45 AM,"1. Foam Roll (15 mins)
2. Mobility Circuit (Glute Bridge, Cat-Cow, Deep Squat Hold)
3. Deep Static Stretching (20 mins)",Gym / Hostel
Day 1: PUSH A (Chest Focus),2026-08-03,06:00 AM,2026-08-03,07:45 AM,"1. Bench Press (4x8-10)
2. Incline DB Press (3x10-12)
3. Incline Flys (3x12-15)
4. Lateral Raises (4x15)
5. Tricep Pushdowns (3x12-15)
Finisher: Cable Crossovers or Incline Push-ups",Gym / Hostel
Day 2: PULL A (Width Focus),2026-08-04,06:00 AM,2026-08-04,07:45 AM,"1. Pull-ups (4xAMRAP)
2. Lat Pulldowns (3x10-12)
3. Single-Arm Rows (3x12/arm)
4. Face Pulls (4x15-20)
5. DB Curls (4x10-12)
Finisher: Straight-Arm Pulldowns",Gym / Hostel
Day 3: LEGS A (Squat Focus),2026-08-05,06:00 AM,2026-08-05,07:45 AM,"1. Barbell Squats (4x8-10)
2. Leg Press (4x10-12)
3. Leg Extensions (3x15)
4. Walking Lunges (3x12/leg)
5. Plank (3x60s)
Finisher: Calf Raises or Goblet Squats",Gym / Hostel
Day 4: PUSH B (Shoulder Focus),2026-08-06,06:00 AM,2026-08-06,07:45 AM,"1. Overhead Press (4x8-10)
2. Arnold Press (3x10-12)
3. Close-Grip Bench (3x8-10)
4. Weighted Dips (3x10-12)
5. Skullcrushers (3x12)
Finisher: Lateral Raise Drop Set",Gym / Hostel
Day 5: PULL B (Thickness Focus),2026-08-07,06:00 AM,2026-08-07,07:45 AM,"1. Deadlifts (3x5)
2. T-Bar Rows (4x10-12)
3. Seated Cable Rows (3x12)
4. Reverse Pec Deck (4x15)
5. Hammer Curls (4x12)
Finisher: Shrugs or Farmers Walk",Gym / Hostel
Day 6: LEGS B (Agility Focus),2026-08-08,06:00 AM,2026-08-08,07:45 AM,"1. RDLs (4x10-12)
2. Bulgarian Split Squats (3x10/leg)
3. Leg Curls (4x12-15)
4. Lying Leg Raises (3x15)
5. Russian Twists (3x20)
Finisher: Death by Leg Press or Sprints",Gym / Hostel
Day 7: RECOVERY,2026-08-09,06:00 AM,2026-08-09,07:45 AM,"1. Foam Roll (15 mins)
2. Mobility Circuit (Glute Bridge, Cat-Cow, Deep Squat Hold)
3. Deep Static Stretching (20 mins)",Gym / Hostel
Day 1: PUSH A (Chest Focus),2026-08-10,06:00 AM,2026-08-10,07:45 AM,"1. Bench Press (4x8-10)
2. Incline DB Press (3x10-12)
3. Incline Flys (3x12-15)
4. Lateral Raises (4x15)
5. Tricep Pushdowns (3x12-15)
Finisher: Cable Crossovers or Incline Push-ups",Gym / Hostel
Day 2: PULL A (Width Focus),2026-08-11,06:00 AM,2026-08-11,07:45 AM,"1. Pull-ups (4xAMRAP)
2. Lat Pulldowns (3x10-12)
3. Single-Arm Rows (3x12/arm)
4. Face Pulls (4x15-20)
5. DB Curls (4x10-12)
Finisher: Straight-Arm Pulldowns",Gym / Hostel
Day 3: LEGS A (Squat Focus),2026-08-12,06:00 AM,2026-08-12,07:45 AM,"1. Barbell Squats (4x8-10)
2. Leg Press (4x10-12)
3. Leg Extensions (3x15)
4. Walking Lunges (3x12/leg)
5. Plank (3x60s)
Finisher: Calf Raises or Goblet Squats",Gym / Hostel
Day 4: PUSH B (Shoulder Focus),2026-08-13,06:00 AM,2026-08-13,07:45 AM,"1. Overhead Press (4x8-10)
2. Arnold Press (3x10-12)
3. Close-Grip Bench (3x8-10)
4. Weighted Dips (3x10-12)
5. Skullcrushers (3x12)
Finisher: Lateral Raise Drop Set",Gym / Hostel
Day 5: PULL B (Thickness Focus),2026-08-14,06:00 AM,2026-08-14,07:45 AM,"1. Deadlifts (3x5)
2. T-Bar Rows (4x10-12)
3. Seated Cable Rows (3x12)
4. Reverse Pec Deck (4x15)
5. Hammer Curls (4x12)
Finisher: Shrugs or Farmers Walk",Gym / Hostel
Day 6: LEGS B (Agility Focus),2026-08-15,06:00 AM,2026-08-15,07:45 AM,"1. RDLs (4x10-12)
2. Bulgarian Split Squats (3x10/leg)
3. Leg Curls (4x12-15)
4. Lying Leg Raises (3x15)
5. Russian Twists (3x20)
Finisher: Death by Leg Press or Sprints",Gym / Hostel
Day 7: RECOVERY,2026-08-16,06:00 AM,2026-08-16,07:45 AM,"1. Foam Roll (15 mins)
2. Mobility Circuit (Glute Bridge, Cat-Cow, Deep Squat Hold)
3. Deep Static Stretching (20 mins)",Gym / Hostel
Day 1: PUSH A (Chest Focus),2026-08-17,06:00 AM,2026-08-17,07:45 AM,"1. Bench Press (4x8-10)
2. Incline DB Press (3x10-12)
3. Incline Flys (3x12-15)
4. Lateral Raises (4x15)
5. Tricep Pushdowns (3x12-15)
Finisher: Cable Crossovers or Incline Push-ups",Gym / Hostel
Day 2: PULL A (Width Focus),2026-08-18,06:00 AM,2026-08-18,07:45 AM,"1. Pull-ups (4xAMRAP)
2. Lat Pulldowns (3x10-12)
3. Single-Arm Rows (3x12/arm)
4. Face Pulls (4x15-20)
5. DB Curls (4x10-12)
Finisher: Straight-Arm Pulldowns",Gym / Hostel
Day 3: LEGS A (Squat Focus),2026-08-19,06:00 AM,2026-08-19,07:45 AM,"1. Barbell Squats (4x8-10)
2. Leg Press (4x10-12)
3. Leg Extensions (3x15)
4. Walking Lunges (3x12/leg)
5. Plank (3x60s)
Finisher: Calf Raises or Goblet Squats",Gym / Hostel
Day 4: PUSH B (Shoulder Focus),2026-08-20,06:00 AM,2026-08-20,07:45 AM,"1. Overhead Press (4x8-10)
2. Arnold Press (3x10-12)
3. Close-Grip Bench (3x8-10)
4. Weighted Dips (3x10-12)
5. Skullcrushers (3x12)
Finisher: Lateral Raise Drop Set",Gym / Hostel
Day 5: PULL B (Thickness Focus),2026-08-21,06:00 AM,2026-08-21,07:45 AM,"1. Deadlifts (3x5)
2. T-Bar Rows (4x10-12)
3. Seated Cable Rows (3x12)
4. Reverse Pec Deck (4x15)
5. Hammer Curls (4x12)
Finisher: Shrugs or Farmers Walk",Gym / Hostel
Day 6: LEGS B (Agility Focus),2026-08-22,06:00 AM,2026-08-22,07:45 AM,"1. RDLs (4x10-12)
2. Bulgarian Split Squats (3x10/leg)
3. Leg Curls (4x12-15)
4. Lying Leg Raises (3x15)
5. Russian Twists (3x20)
Finisher: Death by Leg Press or Sprints",Gym / Hostel
Day 7: RECOVERY,2026-08-23,06:00 AM,2026-08-23,07:45 AM,"1. Foam Roll (15 mins)
2. Mobility Circuit (Glute Bridge, Cat-Cow, Deep Squat Hold)
3. Deep Static Stretching (20 mins)",Gym / Hostel
Day 1: PUSH A (Chest Focus),2026-08-24,06:00 AM,2026-08-24,07:45 AM,"1. Bench Press (4x8-10)
2. Incline DB Press (3x10-12)
3. Incline Flys (3x12-15)
4. Lateral Raises (4x15)
5. Tricep Pushdowns (3x12-15)
Finisher: Cable Crossovers or Incline Push-ups",Gym / Hostel
Day 2: PULL A (Width Focus),2026-08-25,06:00 AM,2026-08-25,07:45 AM,"1. Pull-ups (4xAMRAP)
2. Lat Pulldowns (3x10-12)
3. Single-Arm Rows (3x12/arm)
4. Face Pulls (4x15-20)
5. DB Curls (4x10-12)
Finisher: Straight-Arm Pulldowns",Gym / Hostel
Day 3: LEGS A (Squat Focus),2026-08-26,06:00 AM,2026-08-26,07:45 AM,"1. Barbell Squats (4x8-10)
2. Leg Press (4x10-12)
3. Leg Extensions (3x15)
4. Walking Lunges (3x12/leg)
5. Plank (3x60s)
Finisher: Calf Raises or Goblet Squats",Gym / Hostel
Day 4: PUSH B (Shoulder Focus),2026-08-27,06:00 AM,2026-08-27,07:45 AM,"1. Overhead Press (4x8-10)
2. Arnold Press (3x10-12)
3. Close-Grip Bench (3x8-10)
4. Weighted Dips (3x10-12)
5. Skullcrushers (3x12)
Finisher: Lateral Raise Drop Set",Gym / Hostel
Day 5: PULL B (Thickness Focus),2026-08-28,06:00 AM,2026-08-28,07:45 AM,"1. Deadlifts (3x5)
2. T-Bar Rows (4x10-12)
3. Seated Cable Rows (3x12)
4. Reverse Pec Deck (4x15)
5. Hammer Curls (4x12)
Finisher: Shrugs or Farmers Walk",Gym / Hostel
Day 6: LEGS B (Agility Focus),2026-08-29,06:00 AM,2026-08-29,07:45 AM,"1. RDLs (4x10-12)
2. Bulgarian Split Squats (3x10/leg)
3. Leg Curls (4x12-15)
4. Lying Leg Raises (3x15)
5. Russian Twists (3x20)
Finisher: Death by Leg Press or Sprints",Gym / Hostel
Day 7: RECOVERY,2026-08-30,06:00 AM,2026-08-30,07:45 AM,"1. Foam Roll (15 mins)
2. Mobility Circuit (Glute Bridge, Cat-Cow, Deep Squat Hold)
3. Deep Static Stretching (20 mins)",Gym / Hostel
Day 1: PUSH A (Chest Focus),2026-08-31,06:00 AM,2026-08-31,07:45 AM,"1. Bench Press (4x8-10)
2. Incline DB Press (3x10-12)
3. Incline Flys (3x12-15)
4. Lateral Raises (4x15)
5. Tricep Pushdowns (3x12-15)
Finisher: Cable Crossovers or Incline Push-ups",Gym / Hostel
Day 2: PULL A (Width Focus),2026-09-01,06:00 AM,2026-09-01,07:45 AM,"1. Pull-ups (4xAMRAP)
2. Lat Pulldowns (3x10-12)
3. Single-Arm Rows (3x12/arm)
4. Face Pulls (4x15-20)
5. DB Curls (4x10-12)
Finisher: Straight-Arm Pulldowns",Gym / Hostel
Day 3: LEGS A (Squat Focus),2026-09-02,06:00 AM,2026-09-02,07:45 AM,"1. Barbell Squats (4x8-10)
2. Leg Press (4x10-12)
3. Leg Extensions (3x15)
4. Walking Lunges (3x12/leg)
5. Plank (3x60s)
Finisher: Calf Raises or Goblet Squats",Gym / Hostel
Day 4: PUSH B (Shoulder Focus),2026-09-03,06:00 AM,2026-09-03,07:45 AM,"1. Overhead Press (4x8-10)
2. Arnold Press (3x10-12)
3. Close-Grip Bench (3x8-10)
4. Weighted Dips (3x10-12)
5. Skullcrushers (3x12)
Finisher: Lateral Raise Drop Set",Gym / Hostel
Day 5: PULL B (Thickness Focus),2026-09-04,06:00 AM,2026-09-04,07:45 AM,"1. Deadlifts (3x5)
2. T-Bar Rows (4x10-12)
3. Seated Cable Rows (3x12)
4. Reverse Pec Deck (4x15)
5. Hammer Curls (4x12)
Finisher: Shrugs or Farmers Walk",Gym / Hostel
Day 6: LEGS B (Agility Focus),2026-09-05,06:00 AM,2026-09-05,07:45 AM,"1. RDLs (4x10-12)
2. Bulgarian Split Squats (3x10/leg)
3. Leg Curls (4x12-15)
4. Lying Leg Raises (3x15)
5. Russian Twists (3x20)
Finisher: Death by Leg Press or Sprints",Gym / Hostel
Day 7: RECOVERY,2026-09-06,06:00 AM,2026-09-06,07:45 AM,"1. Foam Roll (15 mins)
2. Mobility Circuit (Glute Bridge, Cat-Cow, Deep Squat Hold)
3. Deep Static Stretching (20 mins)",Gym / Hostel
Day 1: PUSH A (Chest Focus),2026-09-07,06:00 AM,2026-09-07,07:45 AM,"1. Bench Press (4x8-10)
2. Incline DB Press (3x10-12)
3. Incline Flys (3x12-15)
4. Lateral Raises (4x15)
5. Tricep Pushdowns (3x12-15)
Finisher: Cable Crossovers or Incline Push-ups",Gym / Hostel
Day 2: PULL A (Width Focus),2026-09-08,06:00 AM,2026-09-08,07:45 AM,"1. Pull-ups (4xAMRAP)
2. Lat Pulldowns (3x10-12)
3. Single-Arm Rows (3x12/arm)
4. Face Pulls (4x15-20)
5. DB Curls (4x10-12)
Finisher: Straight-Arm Pulldowns",Gym / Hostel
Day 3: LEGS A (Squat Focus),2026-09-09,06:00 AM,2026-09-09,07:45 AM,"1. Barbell Squats (4x8-10)
2. Leg Press (4x10-12)
3. Leg Extensions (3x15)
4. Walking Lunges (3x12/leg)
5. Plank (3x60s)
Finisher: Calf Raises or Goblet Squats",Gym / Hostel
Day 4: PUSH B (Shoulder Focus),2026-09-10,06:00 AM,2026-09-10,07:45 AM,"1. Overhead Press (4x8-10)
2. Arnold Press (3x10-12)
3. Close-Grip Bench (3x8-10)
4. Weighted Dips (3x10-12)
5. Skullcrushers (3x12)
Finisher: Lateral Raise Drop Set",Gym / Hostel
Day 5: PULL B (Thickness Focus),2026-09-11,06:00 AM,2026-09-11,07:45 AM,"1. Deadlifts (3x5)
2. T-Bar Rows (4x10-12)
3. Seated Cable Rows (3x12)
4. Reverse Pec Deck (4x15)
5. Hammer Curls (4x12)
Finisher: Shrugs or Farmers Walk",Gym / Hostel
Day 6: LEGS B (Agility Focus),2026-09-12,06:00 AM,2026-09-12,07:45 AM,"1. RDLs (4x10-12)
2. Bulgarian Split Squats (3x10/leg)
3. Leg Curls (4x12-15)
4. Lying Leg Raises (3x15)
5. Russian Twists (3x20)
Finisher: Death by Leg Press or Sprints",Gym / Hostel
Day 7: RECOVERY,2026-09-13,06:00 AM,2026-09-13,07:45 AM,"1. Foam Roll (15 mins)
2. Mobility Circuit (Glute Bridge, Cat-Cow, Deep Squat Hold)
3. Deep Static Stretching (20 mins)",Gym / Hostel
Day 1: PUSH A (Chest Focus),2026-09-14,06:00 AM,2026-09-14,07:45 AM,"1. Bench Press (4x8-10)
2. Incline DB Press (3x10-12)
3. Incline Flys (3x12-15)
4. Lateral Raises (4x15)
5. Tricep Pushdowns (3x12-15)
Finisher: Cable Crossovers or Incline Push-ups",Gym / Hostel
Day 2: PULL A (Width Focus),2026-09-15,06:00 AM,2026-09-15,07:45 AM,"1. Pull-ups (4xAMRAP)
2. Lat Pulldowns (3x10-12)
3. Single-Arm Rows (3x12/arm)
4. Face Pulls (4x15-20)
5. DB Curls (4x10-12)
Finisher: Straight-Arm Pulldowns",Gym / Hostel
Day 3: LEGS A (Squat Focus),2026-09-16,06:00 AM,2026-09-16,07:45 AM,"1. Barbell Squats (4x8-10)
2. Leg Press (4x10-12)
3. Leg Extensions (3x15)
4. Walking Lunges (3x12/leg)
5. Plank (3x60s)
Finisher: Calf Raises or Goblet Squats",Gym / Hostel
Day 4: PUSH B (Shoulder Focus),2026-09-17,06:00 AM,2026-09-17,07:45 AM,"1. Overhead Press (4x8-10)
2. Arnold Press (3x10-12)
3. Close-Grip Bench (3x8-10)
4. Weighted Dips (3x10-12)
5. Skullcrushers (3x12)
Finisher: Lateral Raise Drop Set",Gym / Hostel
Day 5: PULL B (Thickness Focus),2026-09-18,06:00 AM,2026-09-18,07:45 AM,"1. Deadlifts (3x5)
2. T-Bar Rows (4x10-12)
3. Seated Cable Rows (3x12)
4. Reverse Pec Deck (4x15)
5. Hammer Curls (4x12)
Finisher: Shrugs or Farmers Walk",Gym / Hostel
Day 6: LEGS B (Agility Focus),2026-09-19,06:00 AM,2026-09-19,07:45 AM,"1. RDLs (4x10-12)
2. Bulgarian Split Squats (3x10/leg)
3. Leg Curls (4x12-15)
4. Lying Leg Raises (3x15)
5. Russian Twists (3x20)
Finisher: Death by Leg Press or Sprints",Gym / Hostel
Day 7: RECOVERY,2026-09-20,06:00 AM,2026-09-20,07:45 AM,"1. Foam Roll (15 mins)
2. Mobility Circuit (Glute Bridge, Cat-Cow, Deep Squat Hold)
3. Deep Static Stretching (20 mins)",Gym / Hostel
Day 1: PUSH A (Chest Focus),2026-09-21,06:00 AM,2026-09-21,07:45 AM,"1. Bench Press (4x8-10)
2. Incline DB Press (3x10-12)
3. Incline Flys (3x12-15)
4. Lateral Raises (4x15)
5. Tricep Pushdowns (3x12-15)
Finisher: Cable Crossovers or Incline Push-ups",Gym / Hostel
Day 2: PULL A (Width Focus),2026-09-22,06:00 AM,2026-09-22,07:45 AM,"1. Pull-ups (4xAMRAP)
2. Lat Pulldowns (3x10-12)
3. Single-Arm Rows (3x12/arm)
4. Face Pulls (4x15-20)
5. DB Curls (4x10-12)
Finisher: Straight-Arm Pulldowns",Gym / Hostel
Day 3: LEGS A (Squat Focus),2026-09-23,06:00 AM,2026-09-23,07:45 AM,"1. Barbell Squats (4x8-10)
2. Leg Press (4x10-12)
3. Leg Extensions (3x15)
4. Walking Lunges (3x12/leg)
5. Plank (3x60s)
Finisher: Calf Raises or Goblet Squats",Gym / Hostel
Day 4: PUSH B (Shoulder Focus),2026-09-24,06:00 AM,2026-09-24,07:45 AM,"1. Overhead Press (4x8-10)
2. Arnold Press (3x10-12)
3. Close-Grip Bench (3x8-10)
4. Weighted Dips (3x10-12)
5. Skullcrushers (3x12)
Finisher: Lateral Raise Drop Set",Gym / Hostel
Day 5: PULL B (Thickness Focus),2026-09-25,06:00 AM,2026-09-25,07:45 AM,"1. Deadlifts (3x5)
2. T-Bar Rows (4x10-12)
3. Seated Cable Rows (3x12)
4. Reverse Pec Deck (4x15)
5. Hammer Curls (4x12)
Finisher: Shrugs or Farmers Walk",Gym / Hostel
Day 6: LEGS B (Agility Focus),2026-09-26,06:00 AM,2026-09-26,07:45 AM,"1. RDLs (4x10-12)
2. Bulgarian Split Squats (3x10/leg)
3. Leg Curls (4x12-15)
4. Lying Leg Raises (3x15)
5. Russian Twists (3x20)
Finisher: Death by Leg Press or Sprints",Gym / Hostel
Day 7: RECOVERY,2026-09-27,06:00 AM,2026-09-27,07:45 AM,"1. Foam Roll (15 mins)
2. Mobility Circuit (Glute Bridge, Cat-Cow, Deep Squat Hold)
3. Deep Static Stretching (20 mins)",Gym / Hostel
Day 1: PUSH A (Chest Focus),2026-09-28,06:00 AM,2026-09-28,07:45 AM,"1. Bench Press (4x8-10)
2. Incline DB Press (3x10-12)
3. Incline Flys (3x12-15)
4. Lateral Raises (4x15)
5. Tricep Pushdowns (3x12-15)
Finisher: Cable Crossovers or Incline Push-ups",Gym / Hostel
Day 2: PULL A (Width Focus),2026-09-29,06:00 AM,2026-09-29,07:45 AM,"1. Pull-ups (4xAMRAP)
2. Lat Pulldowns (3x10-12)
3. Single-Arm Rows (3x12/arm)
4. Face Pulls (4x15-20)
5. DB Curls (4x10-12)
Finisher: Straight-Arm Pulldowns",Gym / Hostel
Day 3: LEGS A (Squat Focus),2026-09-30,06:00 AM,2026-09-30,07:45 AM,"1. Barbell Squats (4x8-10)
2. Leg Press (4x10-12)
3. Leg Extensions (3x15)
4. Walking Lunges (3x12/leg)
5. Plank (3x60s)
Finisher: Calf Raises or Goblet Squats",Gym / Hostel
Day 4: PUSH B (Shoulder Focus),2026-10-01,06:00 AM,2026-10-01,07:45 AM,"1. Overhead Press (4x8-10)
2. Arnold Press (3x10-12)
3. Close-Grip Bench (3x8-10)
4. Weighted Dips (3x10-12)
5. Skullcrushers (3x12)
Finisher: Lateral Raise Drop Set",Gym / Hostel
Day 5: PULL B (Thickness Focus),2026-10-02,06:00 AM,2026-10-02,07:45 AM,"1. Deadlifts (3x5)
2. T-Bar Rows (4x10-12)
3. Seated Cable Rows (3x12)
4. Reverse Pec Deck (4x15)
5. Hammer Curls (4x12)
Finisher: Shrugs or Farmers Walk",Gym / Hostel
Day 6: LEGS B (Agility Focus),2026-10-03,06:00 AM,2026-10-03,07:45 AM,"1. RDLs (4x10-12)
2. Bulgarian Split Squats (3x10/leg)
3. Leg Curls (4x12-15)
4. Lying Leg Raises (3x15)
5. Russian Twists (3x20)
Finisher: Death by Leg Press or Sprints",Gym / Hostel
Day 7: RECOVERY,2026-10-04,06:00 AM,2026-10-04,07:45 AM,"1. Foam Roll (15 mins)
2. Mobility Circuit (Glute Bridge, Cat-Cow, Deep Squat Hold)
3. Deep Static Stretching (20 mins)",Gym / Hostel
Day 1: PUSH A (Chest Focus),2026-10-05,06:00 AM,2026-10-05,07:45 AM,"1. Bench Press (4x8-10)
2. Incline DB Press (3x10-12)
3. Incline Flys (3x12-15)
4. Lateral Raises (4x15)
5. Tricep Pushdowns (3x12-15)
Finisher: Cable Crossovers or Incline Push-ups",Gym / Hostel
Day 2: PULL A (Width Focus),2026-10-06,06:00 AM,2026-10-06,07:45 AM,"1. Pull-ups (4xAMRAP)
2. Lat Pulldowns (3x10-12)
3. Single-Arm Rows (3x12/arm)
4. Face Pulls (4x15-20)
5. DB Curls (4x10-12)
Finisher: Straight-Arm Pulldowns",Gym / Hostel
Day 3: LEGS A (Squat Focus),2026-10-07,06:00 AM,2026-10-07,07:45 AM,"1. Barbell Squats (4x8-10)
2. Leg Press (4x10-12)
3. Leg Extensions (3x15)
4. Walking Lunges (3x12/leg)
5. Plank (3x60s)
Finisher: Calf Raises or Goblet Squats",Gym / Hostel
Day 4: PUSH B (Shoulder Focus),2026-10-08,06:00 AM,2026-10-08,07:45 AM,"1. Overhead Press (4x8-10)
2. Arnold Press (3x10-12)
3. Close-Grip Bench (3x8-10)
4. Weighted Dips (3x10-12)
5. Skullcrushers (3x12)
Finisher: Lateral Raise Drop Set",Gym / Hostel
Day 5: PULL B (Thickness Focus),2026-10-09,06:00 AM,2026-10-09,07:45 AM,"1. Deadlifts (3x5)
2. T-Bar Rows (4x10-12)
3. Seated Cable Rows (3x12)
4. Reverse Pec Deck (4x15)
5. Hammer Curls (4x12)
Finisher: Shrugs or Farmers Walk",Gym / Hostel
Day 6: LEGS B (Agility Focus),2026-10-10,06:00 AM,2026-10-10,07:45 AM,"1. RDLs (4x10-12)
2. Bulgarian Split Squats (3x10/leg)
3. Leg Curls (4x12-15)
4. Lying Leg Raises (3x15)
5. Russian Twists (3x20)
Finisher: Death by Leg Press or Sprints",Gym / Hostel
Day 7: RECOVERY,2026-10-11,06:00 AM,2026-10-11,07:45 AM,"1. Foam Roll (15 mins)
2. Mobility Circuit (Glute Bridge, Cat-Cow, Deep Squat Hold)
3. Deep Static Stretching (20 mins)",Gym / Hostel
Day 1: PUSH A (Chest Focus),2026-10-12,06:00 AM,2026-10-12,07:45 AM,"1. Bench Press (4x8-10)
2. Incline DB Press (3x10-12)
3. Incline Flys (3x12-15)
4. Lateral Raises (4x15)
5. Tricep Pushdowns (3x12-15)
Finisher: Cable Crossovers or Incline Push-ups",Gym / Hostel
Day 2: PULL A (Width Focus),2026-10-13,06:00 AM,2026-10-13,07:45 AM,"1. Pull-ups (4xAMRAP)
2. Lat Pulldowns (3x10-12)
3. Single-Arm Rows (3x12/arm)
4. Face Pulls (4x15-20)
5. DB Curls (4x10-12)
Finisher: Straight-Arm Pulldowns",Gym / Hostel
Day 3: LEGS A (Squat Focus),2026-10-14,06:00 AM,2026-10-14,07:45 AM,"1. Barbell Squats (4x8-10)
2. Leg Press (4x10-12)
3. Leg Extensions (3x15)
4. Walking Lunges (3x12/leg)
5. Plank (3x60s)
Finisher: Calf Raises or Goblet Squats",Gym / Hostel
Day 4: PUSH B (Shoulder Focus),2026-10-15,06:00 AM,2026-10-15,07:45 AM,"1. Overhead Press (4x8-10)
2. Arnold Press (3x10-12)
3. Close-Grip Bench (3x8-10)
4. Weighted Dips (3x10-12)
5. Skullcrushers (3x12)
Finisher: Lateral Raise Drop Set",Gym / Hostel
Day 5: PULL B (Thickness Focus),2026-10-16,06:00 AM,2026-10-16,07:45 AM,"1. Deadlifts (3x5)
2. T-Bar Rows (4x10-12)
3. Seated Cable Rows (3x12)
4. Reverse Pec Deck (4x15)
5. Hammer Curls (4x12)
Finisher: Shrugs or Farmers Walk",Gym / Hostel
Day 6: LEGS B (Agility Focus),2026-10-17,06:00 AM,2026-10-17,07:45 AM,"1. RDLs (4x10-12)
2. Bulgarian Split Squats (3x10/leg)
3. Leg Curls (4x12-15)
4. Lying Leg Raises (3x15)
5. Russian Twists (3x20)
Finisher: Death by Leg Press or Sprints",Gym / Hostel
Day 7: RECOVERY,2026-10-18,06:00 AM,2026-10-18,07:45 AM,"1. Foam Roll (15 mins)
2. Mobility Circuit (Glute Bridge, Cat-Cow, Deep Squat Hold)
3. Deep Static Stretching (20 mins)",Gym / Hostel
Day 1: PUSH A (Chest Focus),2026-10-19,06:00 AM,2026-10-19,07:45 AM,"1. Bench Press (4x8-10)
2. Incline DB Press (3x10-12)
3. Incline Flys (3x12-15)
4. Lateral Raises (4x15)
5. Tricep Pushdowns (3x12-15)
Finisher: Cable Crossovers or Incline Push-ups",Gym / Hostel
Day 2: PULL A (Width Focus),2026-10-20,06:00 AM,2026-10-20,07:45 AM,"1. Pull-ups (4xAMRAP)
2. Lat Pulldowns (3x10-12)
3. Single-Arm Rows (3x12/arm)
4. Face Pulls (4x15-20)
5. DB Curls (4x10-12)
Finisher: Straight-Arm Pulldowns",Gym / Hostel
Day 3: LEGS A (Squat Focus),2026-10-21,06:00 AM,2026-10-21,07:45 AM,"1. Barbell Squats (4x8-10)
2. Leg Press (4x10-12)
3. Leg Extensions (3x15)
4. Walking Lunges (3x12/leg)
5. Plank (3x60s)
Finisher: Calf Raises or Goblet Squats",Gym / Hostel
Day 4: PUSH B (Shoulder Focus),2026-10-22,06:00 AM,2026-10-22,07:45 AM,"1. Overhead Press (4x8-10)
2. Arnold Press (3x10-12)
3. Close-Grip Bench (3x8-10)
4. Weighted Dips (3x10-12)
5. Skullcrushers (3x12)
Finisher: Lateral Raise Drop Set",Gym / Hostel
Day 5: PULL B (Thickness Focus),2026-10-23,06:00 AM,2026-10-23,07:45 AM,"1. Deadlifts (3x5)
2. T-Bar Rows (4x10-12)
3. Seated Cable Rows (3x12)
4. Reverse Pec Deck (4x15)
5. Hammer Curls (4x12)
Finisher: Shrugs or Farmers Walk",Gym / Hostel
Day 6: LEGS B (Agility Focus),2026-10-24,06:00 AM,2026-10-24,07:45 AM,"1. RDLs (4x10-12)
2. Bulgarian Split Squats (3x10/leg)
3. Leg Curls (4x12-15)
4. Lying Leg Raises (3x15)
5. Russian Twists (3x20)
Finisher: Death by Leg Press or Sprints",Gym / Hostel
Day 7: RECOVERY,2026-10-25,06:00 AM,2026-10-25,07:45 AM,"1. Foam Roll (15 mins)
2. Mobility Circuit (Glute Bridge, Cat-Cow, Deep Squat Hold)
3. Deep Static Stretching (20 mins)",Gym / Hostel
Day 1: PUSH A (Chest Focus),2026-10-26,06:00 AM,2026-10-26,07:45 AM,"1. Bench Press (4x8-10)
2. Incline DB Press (3x10-12)
3. Incline Flys (3x12-15)
4. Lateral Raises (4x15)
5. Tricep Pushdowns (3x12-15)
Finisher: Cable Crossovers or Incline Push-ups",Gym / Hostel
Day 2: PULL A (Width Focus),2026-10-27,06:00 AM,2026-10-27,07:45 AM,"1. Pull-ups (4xAMRAP)
2. Lat Pulldowns (3x10-12)
3. Single-Arm Rows (3x12/arm)
4. Face Pulls (4x15-20)
5. DB Curls (4x10-12)
Finisher: Straight-Arm Pulldowns",Gym / Hostel
Day 3: LEGS A (Squat Focus),2026-10-28,06:00 AM,2026-10-28,07:45 AM,"1. Barbell Squats (4x8-10)
2. Leg Press (4x10-12)
3. Leg Extensions (3x15)
4. Walking Lunges (3x12/leg)
5. Plank (3x60s)
Finisher: Calf Raises or Goblet Squats",Gym / Hostel
Day 4: PUSH B (Shoulder Focus),2026-10-29,06:00 AM,2026-10-29,07:45 AM,"1. Overhead Press (4x8-10)
2. Arnold Press (3x10-12)
3. Close-Grip Bench (3x8-10)
4. Weighted Dips (3x10-12)
5. Skullcrushers (3x12)
Finisher: Lateral Raise Drop Set",Gym / Hostel
Day 5: PULL B (Thickness Focus),2026-10-30,06:00 AM,2026-10-30,07:45 AM,"1. Deadlifts (3x5)
2. T-Bar Rows (4x10-12)
3. Seated Cable Rows (3x12)
4. Reverse Pec Deck (4x15)
5. Hammer Curls (4x12)
Finisher: Shrugs or Farmers Walk",Gym / Hostel
Day 6: LEGS B (Agility Focus),2026-10-31,06:00 AM,2026-10-31,07:45 AM,"1. RDLs (4x10-12)
2. Bulgarian Split Squats (3x10/leg)
3. Leg Curls (4x12-15)
4. Lying Leg Raises (3x15)
5. Russian Twists (3x20)
Finisher: Death by Leg Press or Sprints",Gym / Hostel
Day 7: RECOVERY,2026-11-01,06:00 AM,2026-11-01,07:45 AM,"1. Foam Roll (15 mins)
2. Mobility Circuit (Glute Bridge, Cat-Cow, Deep Squat Hold)
3. Deep Static Stretching (20 mins)",Gym / Hostel
Day 1: PUSH A (Chest Focus),2026-11-02,06:00 AM,2026-11-02,07:45 AM,"1. Bench Press (4x8-10)
2. Incline DB Press (3x10-12)
3. Incline Flys (3x12-15)
4. Lateral Raises (4x15)
5. Tricep Pushdowns (3x12-15)
Finisher: Cable Crossovers or Incline Push-ups",Gym / Hostel
Day 2: PULL A (Width Focus),2026-11-03,06:00 AM,2026-11-03,07:45 AM,"1. Pull-ups (4xAMRAP)
2. Lat Pulldowns (3x10-12)
3. Single-Arm Rows (3x12/arm)
4. Face Pulls (4x15-20)
5. DB Curls (4x10-12)
Finisher: Straight-Arm Pulldowns",Gym / Hostel
Day 3: LEGS A (Squat Focus),2026-11-04,06:00 AM,2026-11-04,07:45 AM,"1. Barbell Squats (4x8-10)
2. Leg Press (4x10-12)
3. Leg Extensions (3x15)
4. Walking Lunges (3x12/leg)
5. Plank (3x60s)
Finisher: Calf Raises or Goblet Squats",Gym / Hostel
Day 4: PUSH B (Shoulder Focus),2026-11-05,06:00 AM,2026-11-05,07:45 AM,"1. Overhead Press (4x8-10)
2. Arnold Press (3x10-12)
3. Close-Grip Bench (3x8-10)
4. Weighted Dips (3x10-12)
5. Skullcrushers (3x12)
Finisher: Lateral Raise Drop Set",Gym / Hostel
Day 5: PULL B (Thickness Focus),2026-11-06,06:00 AM,2026-11-06,07:45 AM,"1. Deadlifts (3x5)
2. T-Bar Rows (4x10-12)
3. Seated Cable Rows (3x12)
4. Reverse Pec Deck (4x15)
5. Hammer Curls (4x12)
Finisher: Shrugs or Farmers Walk",Gym / Hostel
Day 6: LEGS B (Agility Focus),2026-11-07,06:00 AM,2026-11-07,07:45 AM,"1. RDLs (4x10-12)
2. Bulgarian Split Squats (3x10/leg)
3. Leg Curls (4x12-15)
4. Lying Leg Raises (3x15)
5. Russian Twists (3x20)
Finisher: Death by Leg Press or Sprints",Gym / Hostel
Day 7: RECOVERY,2026-11-08,06:00 AM,2026-11-08,07:45 AM,"1. Foam Roll (15 mins)
2. Mobility Circuit (Glute Bridge, Cat-Cow, Deep Squat Hold)
3. Deep Static Stretching (20 mins)",Gym / Hostel
Day 1: PUSH A (Chest Focus),2026-11-09,06:00 AM,2026-11-09,07:45 AM,"1. Bench Press (4x8-10)
2. Incline DB Press (3x10-12)
3. Incline Flys (3x12-15)
4. Lateral Raises (4x15)
5. Tricep Pushdowns (3x12-15)
Finisher: Cable Crossovers or Incline Push-ups",Gym / Hostel
Day 2: PULL A (Width Focus),2026-11-10,06:00 AM,2026-11-10,07:45 AM,"1. Pull-ups (4xAMRAP)
2. Lat Pulldowns (3x10-12)
3. Single-Arm Rows (3x12/arm)
4. Face Pulls (4x15-20)
5. DB Curls (4x10-12)
Finisher: Straight-Arm Pulldowns",Gym / Hostel
Day 3: LEGS A (Squat Focus),2026-11-11,06:00 AM,2026-11-11,07:45 AM,"1. Barbell Squats (4x8-10)
2. Leg Press (4x10-12)
3. Leg Extensions (3x15)
4. Walking Lunges (3x12/leg)
5. Plank (3x60s)
Finisher: Calf Raises or Goblet Squats",Gym / Hostel
Day 4: PUSH B (Shoulder Focus),2026-11-12,06:00 AM,2026-11-12,07:45 AM,"1. Overhead Press (4x8-10)
2. Arnold Press (3x10-12)
3. Close-Grip Bench (3x8-10)
4. Weighted Dips (3x10-12)
5. Skullcrushers (3x12)
Finisher: Lateral Raise Drop Set",Gym / Hostel
Day 5: PULL B (Thickness Focus),2026-11-13,06:00 AM,2026-11-13,07:45 AM,"1. Deadlifts (3x5)
2. T-Bar Rows (4x10-12)
3. Seated Cable Rows (3x12)
4. Reverse Pec Deck (4x15)
5. Hammer Curls (4x12)
Finisher: Shrugs or Farmers Walk",Gym / Hostel
Day 6: LEGS B (Agility Focus),2026-11-14,06:00 AM,2026-11-14,07:45 AM,"1. RDLs (4x10-12)
2. Bulgarian Split Squats (3x10/leg)
3. Leg Curls (4x12-15)
4. Lying Leg Raises (3x15)
5. Russian Twists (3x20)
Finisher: Death by Leg Press or Sprints",Gym / Hostel
Day 7: RECOVERY,2026-11-15,06:00 AM,2026-11-15,07:45 AM,"1. Foam Roll (15 mins)
2. Mobility Circuit (Glute Bridge, Cat-Cow, Deep Squat Hold)
3. Deep Static Stretching (20 mins)",Gym / Hostel
Day 1: PUSH A (Chest Focus),2026-11-16,06:00 AM,2026-11-16,07:45 AM,"1. Bench Press (4x8-10)
2. Incline DB Press (3x10-12)
3. Incline Flys (3x12-15)
4. Lateral Raises (4x15)
5. Tricep Pushdowns (3x12-15)
Finisher: Cable Crossovers or Incline Push-ups",Gym / Hostel
Day 2: PULL A (Width Focus),2026-11-17,06:00 AM,2026-11-17,07:45 AM,"1. Pull-ups (4xAMRAP)
2. Lat Pulldowns (3x10-12)
3. Single-Arm Rows (3x12/arm)
4. Face Pulls (4x15-20)
5. DB Curls (4x10-12)
Finisher: Straight-Arm Pulldowns",Gym / Hostel
Day 3: LEGS A (Squat Focus),2026-11-18,06:00 AM,2026-11-18,07:45 AM,"1. Barbell Squats (4x8-10)
2. Leg Press (4x10-12)
3. Leg Extensions (3x15)
4. Walking Lunges (3x12/leg)
5. Plank (3x60s)
Finisher: Calf Raises or Goblet Squats",Gym / Hostel
Day 4: PUSH B (Shoulder Focus),2026-11-19,06:00 AM,2026-11-19,07:45 AM,"1. Overhead Press (4x8-10)
2. Arnold Press (3x10-12)
3. Close-Grip Bench (3x8-10)
4. Weighted Dips (3x10-12)
5. Skullcrushers (3x12)
Finisher: Lateral Raise Drop Set",Gym / Hostel
Day 5: PULL B (Thickness Focus),2026-11-20,06:00 AM,2026-11-20,07:45 AM,"1. Deadlifts (3x5)
2. T-Bar Rows (4x10-12)
3. Seated Cable Rows (3x12)
4. Reverse Pec Deck (4x15)
5. Hammer Curls (4x12)
Finisher: Shrugs or Farmers Walk",Gym / Hostel
Day 6: LEGS B (Agility Focus),2026-11-21,06:00 AM,2026-11-21,07:45 AM,"1. RDLs (4x10-12)
2. Bulgarian Split Squats (3x10/leg)
3. Leg Curls (4x12-15)
4. Lying Leg Raises (3x15)
5. Russian Twists (3x20)
Finisher: Death by Leg Press or Sprints",Gym / Hostel
Day 7: RECOVERY,2026-11-22,06:00 AM,2026-11-22,07:45 AM,"1. Foam Roll (15 mins)
2. Mobility Circuit (Glute Bridge, Cat-Cow, Deep Squat Hold)
3. Deep Static Stretching (20 mins)",Gym / Hostel
Day 1: PUSH A (Chest Focus),2026-11-23,06:00 AM,2026-11-23,07:45 AM,"1. Bench Press (4x8-10)
2. Incline DB Press (3x10-12)
3. Incline Flys (3x12-15)
4. Lateral Raises (4x15)
5. Tricep Pushdowns (3x12-15)
Finisher: Cable Crossovers or Incline Push-ups",Gym / Hostel
Day 2: PULL A (Width Focus),2026-11-24,06:00 AM,2026-11-24,07:45 AM,"1. Pull-ups (4xAMRAP)
2. Lat Pulldowns (3x10-12)
3. Single-Arm Rows (3x12/arm)
4. Face Pulls (4x15-20)
5. DB Curls (4x10-12)
Finisher: Straight-Arm Pulldowns",Gym / Hostel
Day 3: LEGS A (Squat Focus),2026-11-25,06:00 AM,2026-11-25,07:45 AM,"1. Barbell Squats (4x8-10)
2. Leg Press (4x10-12)
3. Leg Extensions (3x15)
4. Walking Lunges (3x12/leg)
5. Plank (3x60s)
Finisher: Calf Raises or Goblet Squats",Gym / Hostel
Day 4: PUSH B (Shoulder Focus),2026-11-26,06:00 AM,2026-11-26,07:45 AM,"1. Overhead Press (4x8-10)
2. Arnold Press (3x10-12)
3. Close-Grip Bench (3x8-10)
4. Weighted Dips (3x10-12)
5. Skullcrushers (3x12)
Finisher: Lateral Raise Drop Set",Gym / Hostel
Day 5: PULL B (Thickness Focus),2026-11-27,06:00 AM,2026-11-27,07:45 AM,"1. Deadlifts (3x5)
2. T-Bar Rows (4x10-12)
3. Seated Cable Rows (3x12)
4. Reverse Pec Deck (4x15)
5. Hammer Curls (4x12)
Finisher: Shrugs or Farmers Walk",Gym / Hostel
Day 6: LEGS B (Agility Focus),2026-11-28,06:00 AM,2026-11-28,07:45 AM,"1. RDLs (4x10-12)
2. Bulgarian Split Squats (3x10/leg)
3. Leg Curls (4x12-15)
4. Lying Leg Raises (3x15)
5. Russian Twists (3x20)
Finisher: Death by Leg Press or Sprints",Gym / Hostel
Day 7: RECOVERY,2026-11-29,06:00 AM,2026-11-29,07:45 AM,"1. Foam Roll (15 mins)
2. Mobility Circuit (Glute Bridge, Cat-Cow, Deep Squat Hold)
3. Deep Static Stretching (20 mins)",Gym / Hostel
Day 1: PUSH A (Chest Focus),2026-11-30,06:00 AM,2026-11-30,07:45 AM,"1. Bench Press (4x8-10)
2. Incline DB Press (3x10-12)
3. Incline Flys (3x12-15)
4. Lateral Raises (4x15)
5. Tricep Pushdowns (3x12-15)
Finisher: Cable Crossovers or Incline Push-ups",Gym / Hostel
Day 2: PULL A (Width Focus),2026-12-01,06:00 AM,2026-12-01,07:45 AM,"1. Pull-ups (4xAMRAP)
2. Lat Pulldowns (3x10-12)
3. Single-Arm Rows (3x12/arm)
4. Face Pulls (4x15-20)
5. DB Curls (4x10-12)
Finisher: Straight-Arm Pulldowns",Gym / Hostel
Day 3: LEGS A (Squat Focus),2026-12-02,06:00 AM,2026-12-02,07:45 AM,"1. Barbell Squats (4x8-10)
2. Leg Press (4x10-12)
3. Leg Extensions (3x15)
4. Walking Lunges (3x12/leg)
5. Plank (3x60s)
Finisher: Calf Raises or Goblet Squats",Gym / Hostel
Day 4: PUSH B (Shoulder Focus),2026-12-03,06:00 AM,2026-12-03,07:45 AM,"1. Overhead Press (4x8-10)
2. Arnold Press (3x10-12)
3. Close-Grip Bench (3x8-10)
4. Weighted Dips (3x10-12)
5. Skullcrushers (3x12)
Finisher: Lateral Raise Drop Set",Gym / Hostel
Day 5: PULL B (Thickness Focus),2026-12-04,06:00 AM,2026-12-04,07:45 AM,"1. Deadlifts (3x5)
2. T-Bar Rows (4x10-12)
3. Seated Cable Rows (3x12)
4. Reverse Pec Deck (4x15)
5. Hammer Curls (4x12)
Finisher: Shrugs or Farmers Walk",Gym / Hostel
Day 6: LEGS B (Agility Focus),2026-12-05,06:00 AM,2026-12-05,07:45 AM,"1. RDLs (4x10-12)
2. Bulgarian Split Squats (3x10/leg)
3. Leg Curls (4x12-15)
4. Lying Leg Raises (3x15)
5. Russian Twists (3x20)
Finisher: Death by Leg Press or Sprints",Gym / Hostel
Day 7: RECOVERY,2026-12-06,06:00 AM,2026-12-06,07:45 AM,"1. Foam Roll (15 mins)
2. Mobility Circuit (Glute Bridge, Cat-Cow, Deep Squat Hold)
3. Deep Static Stretching (20 mins)",Gym / Hostel
Day 1: PUSH A (Chest Focus),2026-12-07,06:00 AM,2026-12-07,07:45 AM,"1. Bench Press (4x8-10)
2. Incline DB Press (3x10-12)
3. Incline Flys (3x12-15)
4. Lateral Raises (4x15)
5. Tricep Pushdowns (3x12-15)
Finisher: Cable Crossovers or Incline Push-ups",Gym / Hostel
Day 2: PULL A (Width Focus),2026-12-08,06:00 AM,2026-12-08,07:45 AM,"1. Pull-ups (4xAMRAP)
2. Lat Pulldowns (3x10-12)
3. Single-Arm Rows (3x12/arm)
4. Face Pulls (4x15-20)
5. DB Curls (4x10-12)
Finisher: Straight-Arm Pulldowns",Gym / Hostel
Day 3: LEGS A (Squat Focus),2026-12-09,06:00 AM,2026-12-09,07:45 AM,"1. Barbell Squats (4x8-10)
2. Leg Press (4x10-12)
3. Leg Extensions (3x15)
4. Walking Lunges (3x12/leg)
5. Plank (3x60s)
Finisher: Calf Raises or Goblet Squats",Gym / Hostel
Day 4: PUSH B (Shoulder Focus),2026-12-10,06:00 AM,2026-12-10,07:45 AM,"1. Overhead Press (4x8-10)
2. Arnold Press (3x10-12)
3. Close-Grip Bench (3x8-10)
4. Weighted Dips (3x10-12)
5. Skullcrushers (3x12)
Finisher: Lateral Raise Drop Set",Gym / Hostel
Day 5: PULL B (Thickness Focus),2026-12-11,06:00 AM,2026-12-11,07:45 AM,"1. Deadlifts (3x5)
2. T-Bar Rows (4x10-12)
3. Seated Cable Rows (3x12)
4. Reverse Pec Deck (4x15)
5. Hammer Curls (4x12)
Finisher: Shrugs or Farmers Walk",Gym / Hostel
Day 6: LEGS B (Agility Focus),2026-12-12,06:00 AM,2026-12-12,07:45 AM,"1. RDLs (4x10-12)
2. Bulgarian Split Squats (3x10/leg)
3. Leg Curls (4x12-15)
4. Lying Leg Raises (3x15)
5. Russian Twists (3x20)
Finisher: Death by Leg Press or Sprints",Gym / Hostel
Day 7: RECOVERY,2026-12-13,06:00 AM,2026-12-13,07:45 AM,"1. Foam Roll (15 mins)
2. Mobility Circuit (Glute Bridge, Cat-Cow, Deep Squat Hold)
3. Deep Static Stretching (20 mins)",Gym / Hostel
Day 1: PUSH A (Chest Focus),2026-12-14,06:00 AM,2026-12-14,07:45 AM,"1. Bench Press (4x8-10)
2. Incline DB Press (3x10-12)
3. Incline Flys (3x12-15)
4. Lateral Raises (4x15)
5. Tricep Pushdowns (3x12-15)
Finisher: Cable Crossovers or Incline Push-ups",Gym / Hostel
Day 2: PULL A (Width Focus),2026-12-15,06:00 AM,2026-12-15,07:45 AM,"1. Pull-ups (4xAMRAP)
2. Lat Pulldowns (3x10-12)
3. Single-Arm Rows (3x12/arm)
4. Face Pulls (4x15-20)
5. DB Curls (4x10-12)
Finisher: Straight-Arm Pulldowns",Gym / Hostel
Day 3: LEGS A (Squat Focus),2026-12-16,06:00 AM,2026-12-16,07:45 AM,"1. Barbell Squats (4x8-10)
2. Leg Press (4x10-12)
3. Leg Extensions (3x15)
4. Walking Lunges (3x12/leg)
5. Plank (3x60s)
Finisher: Calf Raises or Goblet Squats",Gym / Hostel
Day 4: PUSH B (Shoulder Focus),2026-12-17,06:00 AM,2026-12-17,07:45 AM,"1. Overhead Press (4x8-10)
2. Arnold Press (3x10-12)
3. Close-Grip Bench (3x8-10)
4. Weighted Dips (3x10-12)
5. Skullcrushers (3x12)
Finisher: Lateral Raise Drop Set",Gym / Hostel
Day 5: PULL B (Thickness Focus),2026-12-18,06:00 AM,2026-12-18,07:45 AM,"1. Deadlifts (3x5)
2. T-Bar Rows (4x10-12)
3. Seated Cable Rows (3x12)
4. Reverse Pec Deck (4x15)
5. Hammer Curls (4x12)
Finisher: Shrugs or Farmers Walk",Gym / Hostel
Day 6: LEGS B (Agility Focus),2026-12-19,06:00 AM,2026-12-19,07:45 AM,"1. RDLs (4x10-12)
2. Bulgarian Split Squats (3x10/leg)
3. Leg Curls (4x12-15)
4. Lying Leg Raises (3x15)
5. Russian Twists (3x20)
Finisher: Death by Leg Press or Sprints",Gym / Hostel
Day 7: RECOVERY,2026-12-20,06:00 AM,2026-12-20,07:45 AM,"1. Foam Roll (15 mins)
2. Mobility Circuit (Glute Bridge, Cat-Cow, Deep Squat Hold)
3. Deep Static Stretching (20 mins)",Gym / Hostel
Day 1: PUSH A (Chest Focus),2026-12-21,06:00 AM,2026-12-21,07:45 AM,"1. Bench Press (4x8-10)
2. Incline DB Press (3x10-12)
3. Incline Flys (3x12-15)
4. Lateral Raises (4x15)
5. Tricep Pushdowns (3x12-15)
Finisher: Cable Crossovers or Incline Push-ups",Gym / Hostel
Day 2: PULL A (Width Focus),2026-12-22,06:00 AM,2026-12-22,07:45 AM,"1. Pull-ups (4xAMRAP)
2. Lat Pulldowns (3x10-12)
3. Single-Arm Rows (3x12/arm)
4. Face Pulls (4x15-20)
5. DB Curls (4x10-12)
Finisher: Straight-Arm Pulldowns",Gym / Hostel
Day 3: LEGS A (Squat Focus),2026-12-23,06:00 AM,2026-12-23,07:45 AM,"1. Barbell Squats (4x8-10)
2. Leg Press (4x10-12)
3. Leg Extensions (3x15)
4. Walking Lunges (3x12/leg)
5. Plank (3x60s)
Finisher: Calf Raises or Goblet Squats",Gym / Hostel
Day 4: PUSH B (Shoulder Focus),2026-12-24,06:00 AM,2026-12-24,07:45 AM,"1. Overhead Press (4x8-10)
2. Arnold Press (3x10-12)
3. Close-Grip Bench (3x8-10)
4. Weighted Dips (3x10-12)
5. Skullcrushers (3x12)
Finisher: Lateral Raise Drop Set",Gym / Hostel
Day 5: PULL B (Thickness Focus),2026-12-25,06:00 AM,2026-12-25,07:45 AM,"1. Deadlifts (3x5)
2. T-Bar Rows (4x10-12)
3. Seated Cable Rows (3x12)
4. Reverse Pec Deck (4x15)
5. Hammer Curls (4x12)
Finisher: Shrugs or Farmers Walk",Gym / Hostel
Day 6: LEGS B (Agility Focus),2026-12-26,06:00 AM,2026-12-26,07:45 AM,"1. RDLs (4x10-12)
2. Bulgarian Split Squats (3x10/leg)
3. Leg Curls (4x12-15)
4. Lying Leg Raises (3x15)
5. Russian Twists (3x20)
Finisher: Death by Leg Press or Sprints",Gym / Hostel
Day 7: RECOVERY,2026-12-27,06:00 AM,2026-12-27,07:45 AM,"1. Foam Roll (15 mins)
2. Mobility Circuit (Glute Bridge, Cat-Cow, Deep Squat Hold)
3. Deep Static Stretching (20 mins)",Gym / Hostel
Day 1: PUSH A (Chest Focus),2026-12-28,06:00 AM,2026-12-28,07:45 AM,"1. Bench Press (4x8-10)
2. Incline DB Press (3x10-12)
3. Incline Flys (3x12-15)
4. Lateral Raises (4x15)
5. Tricep Pushdowns (3x12-15)
Finisher: Cable Crossovers or Incline Push-ups",Gym / Hostel
Day 2: PULL A (Width Focus),2026-12-29,06:00 AM,2026-12-29,07:45 AM,"1. Pull-ups (4xAMRAP)
2. Lat Pulldowns (3x10-12)
3. Single-Arm Rows (3x12/arm)
4. Face Pulls (4x15-20)
5. DB Curls (4x10-12)
Finisher: Straight-Arm Pulldowns",Gym / Hostel
Day 3: LEGS A (Squat Focus),2026-12-30,06:00 AM,2026-12-30,07:45 AM,"1. Barbell Squats (4x8-10)
2. Leg Press (4x10-12)
3. Leg Extensions (3x15)
4. Walking Lunges (3x12/leg)
5. Plank (3x60s)
Finisher: Calf Raises or Goblet Squats",Gym / Hostel
Day 4: PUSH B (Shoulder Focus),2026-12-31,06:00 AM,2026-12-31,07:45 AM,"1. Overhead Press (4x8-10)
2. Arnold Press (3x10-12)
3. Close-Grip Bench (3x8-10)
4. Weighted Dips (3x10-12)
5. Skullcrushers (3x12)
Finisher: Lateral Raise Drop Set",Gym / Hostel
Day 5: PULL B (Thickness Focus),2027-01-01,06:00 AM,2027-01-01,07:45 AM,"1. Deadlifts (3x5)
2. T-Bar Rows (4x10-12)
3. Seated Cable Rows (3x12)
4. Reverse Pec Deck (4x15)
5. Hammer Curls (4x12)
Finisher: Shrugs or Farmers Walk",Gym / Hostel
Day 6: LEGS B (Agility Focus),2027-01-02,06:00 AM,2027-01-02,07:45 AM,"1. RDLs (4x10-12)
2. Bulgarian Split Squats (3x10/leg)
3. Leg Curls (4x12-15)
4. Lying Leg Raises (3x15)
5. Russian Twists (3x20)
Finisher: Death by Leg Press or Sprints",Gym / Hostel
Day 7: RECOVERY,2027-01-03,06:00 AM,2027-01-03,07:45 AM,"1. Foam Roll (15 mins)
2. Mobility Circuit (Glute Bridge, Cat-Cow, Deep Squat Hold)
3. Deep Static Stretching (20 mins)",Gym / Hostel
Day 1: PUSH A (Chest Focus),2027-01-04,06:00 AM,2027-01-04,07:45 AM,"1. Bench Press (4x8-10)
2. Incline DB Press (3x10-12)
3. Incline Flys (3x12-15)
4. Lateral Raises (4x15)
5. Tricep Pushdowns (3x12-15)
Finisher: Cable Crossovers or Incline Push-ups",Gym / Hostel
Day 2: PULL A (Width Focus),2027-01-05,06:00 AM,2027-01-05,07:45 AM,"1. Pull-ups (4xAMRAP)
2. Lat Pulldowns (3x10-12)
3. Single-Arm Rows (3x12/arm)
4. Face Pulls (4x15-20)
5. DB Curls (4x10-12)
Finisher: Straight-Arm Pulldowns",Gym / Hostel
Day 3: LEGS A (Squat Focus),2027-01-06,06:00 AM,2027-01-06,07:45 AM,"1. Barbell Squats (4x8-10)
2. Leg Press (4x10-12)
3. Leg Extensions (3x15)
4. Walking Lunges (3x12/leg)
5. Plank (3x60s)
Finisher: Calf Raises or Goblet Squats",Gym / Hostel
Day 4: PUSH B (Shoulder Focus),2027-01-07,06:00 AM,2027-01-07,07:45 AM,"1. Overhead Press (4x8-10)
2. Arnold Press (3x10-12)
3. Close-Grip Bench (3x8-10)
4. Weighted Dips (3x10-12)
5. Skullcrushers (3x12)
Finisher: Lateral Raise Drop Set",Gym / Hostel
Day 5: PULL B (Thickness Focus),2027-01-08,06:00 AM,2027-01-08,07:45 AM,"1. Deadlifts (3x5)
2. T-Bar Rows (4x10-12)
3. Seated Cable Rows (3x12)
4. Reverse Pec Deck (4x15)
5. Hammer Curls (4x12)
Finisher: Shrugs or Farmers Walk",Gym / Hostel
Day 6: LEGS B (Agility Focus),2027-01-09,06:00 AM,2027-01-09,07:45 AM,"1. RDLs (4x10-12)
2. Bulgarian Split Squats (3x10/leg)
3. Leg Curls (4x12-15)
4. Lying Leg Raises (3x15)
5. Russian Twists (3x20)
Finisher: Death by Leg Press or Sprints",Gym / Hostel
Day 7: RECOVERY,2027-01-10,06:00 AM,2027-01-10,07:45 AM,"1. Foam Roll (15 mins)
2. Mobility Circuit (Glute Bridge, Cat-Cow, Deep Squat Hold)
3. Deep Static Stretching (20 mins)",Gym / Hostel
Day 1: PUSH A (Chest Focus),2027-01-11,06:00 AM,2027-01-11,07:45 AM,"1. Bench Press (4x8-10)
2. Incline DB Press (3x10-12)
3. Incline Flys (3x12-15)
4. Lateral Raises (4x15)
5. Tricep Pushdowns (3x12-15)
Finisher: Cable Crossovers or Incline Push-ups",Gym / Hostel
Day 2: PULL A (Width Focus),2027-01-12,06:00 AM,2027-01-12,07:45 AM,"1. Pull-ups (4xAMRAP)
2. Lat Pulldowns (3x10-12)
3. Single-Arm Rows (3x12/arm)
4. Face Pulls (4x15-20)
5. DB Curls (4x10-12)
Finisher: Straight-Arm Pulldowns",Gym / Hostel
Day 3: LEGS A (Squat Focus),2027-01-13,06:00 AM,2027-01-13,07:45 AM,"1. Barbell Squats (4x8-10)
2. Leg Press (4x10-12)
3. Leg Extensions (3x15)
4. Walking Lunges (3x12/leg)
5. Plank (3x60s)
Finisher: Calf Raises or Goblet Squats",Gym / Hostel
Day 4: PUSH B (Shoulder Focus),2027-01-14,06:00 AM,2027-01-14,07:45 AM,"1. Overhead Press (4x8-10)
2. Arnold Press (3x10-12)
3. Close-Grip Bench (3x8-10)
4. Weighted Dips (3x10-12)
5. Skullcrushers (3x12)
Finisher: Lateral Raise Drop Set",Gym / Hostel
Day 5: PULL B (Thickness Focus),2027-01-15,06:00 AM,2027-01-15,07:45 AM,"1. Deadlifts (3x5)
2. T-Bar Rows (4x10-12)
3. Seated Cable Rows (3x12)
4. Reverse Pec Deck (4x15)
5. Hammer Curls (4x12)
Finisher: Shrugs or Farmers Walk",Gym / Hostel
Day 6: LEGS B (Agility Focus),2027-01-16,06:00 AM,2027-01-16,07:45 AM,"1. RDLs (4x10-12)
2. Bulgarian Split Squats (3x10/leg)
3. Leg Curls (4x12-15)
4. Lying Leg Raises (3x15)
5. Russian Twists (3x20)
Finisher: Death by Leg Press or Sprints",Gym / Hostel
Day 7: RECOVERY,2027-01-17,06:00 AM,2027-01-17,07:45 AM,"1. Foam Roll (15 mins)
2. Mobility Circuit (Glute Bridge, Cat-Cow, Deep Squat Hold)
3. Deep Static Stretching (20 mins)",Gym / Hostel
Day 1: PUSH A (Chest Focus),2027-01-18,06:00 AM,2027-01-18,07:45 AM,"1. Bench Press (4x8-10)
2. Incline DB Press (3x10-12)
3. Incline Flys (3x12-15)
4. Lateral Raises (4x15)
5. Tricep Pushdowns (3x12-15)
Finisher: Cable Crossovers or Incline Push-ups",Gym / Hostel
